paper_id,annotation_type,extracted_value,golden_value,has_golden,match_score,match_type,tier1_exact,tier2_normalized,tier3_ontology,tier4_hierarchical,tier5_semantic,any_match,no_match,type_mismatch,correct_type,value_correct,value_complete,hallucination,issue_summary,corrected_value
PMC10681723,GeneticModification,Spt16-TAP,Spt16-ΔN; Spt16-TAP tag,True,0.7,HIERARCHICAL,False,False,False,True,False,True,False,False,,True,False,False,Tier 4 -- hierarchical match with GT 'Spt16-TAP tag'; predicted is less specific than GT (subset -- incomplete).,
PMC10681723,GeneticModification,Flag-tagged,Spt16-ΔN; Spt16-TAP tag,True,0.0,NO_MATCH,False,False,False,False,False,False,True,False,,False,False,False,"GEval=0.20. The extracted value ""Flag-tagged"" matches the annotation type GeneticModification per the provided definition (tagging constructs like ""Flag-tagged"" are valid), so there is no type mismatch. It is also supported by the context, which explicitly contains ""Flag-tagged protein purification."" However, it is not semantically equivalent to either expected GeneticModification ground-truth value (""Spt16-ΔN"" or ""Spt16-TAP tag""); ""Flag-tagged"" is a generic tag mention and does not identify the specific Spt16 modifications required. Thus the extraction is context-grounded but incorrect relative to the expected outputs and incomplete in specificity.",
PMC10681723,GeneticModification,GFP-tagged,Spt16-ΔN; Spt16-TAP tag,True,0.0,NO_MATCH,False,False,False,False,False,False,True,False,,False,False,False,"GEval=0.20. The extracted value “GFP-tagged” matches the declared annotation type GeneticModification (tagging construct) per the provided type definition, so there is no type mismatch. It is also explicitly supported by context[0] (e.g., “GFP nanobody-based purification” / “To purify GFP-tagged proteins”), so it is not a hallucination. However, it is not semantically equivalent to any expected GeneticModification ground-truth value (“Spt16-ΔN” or “Spt16-TAP tag”); GFP-tagging is a different modification than the Spt16 N-terminal deletion or the TAP tag on Spt16. Completeness is not the main issue here—the core problem is that the extracted modification does not match the expected specific genetic modifications.",
PMC10681723,Genotype,isogenic W303-1 background,,False,0.6,SEMANTIC,False,False,False,False,True,True,False,False,,True,True,False,"GEval=1.00. The annotation type Genotype matches the provided type definition (“Genotypic background”), and the extracted value “isogenic W303-1 background” is a genotypic/strain background description consistent with that type (no type mismatch, so no need to state a 'Correct type'). The value is explicitly present in context[0] (“The budding yeast strains used in this study were in the isogenic W303-1 background”), so it is not a hallucination. Because there is no ground truth expected output, correctness is evaluated against the source text only, and the extracted phrase is semantically identical to the source wording. The extraction is also complete/appropriately specific (includes both 'isogenic' and the 'W303-1 background' qualifier).",
PMC10681723,MaterialType,cells,cells,True,1.0,EXACT,True,False,False,False,False,True,False,False,,True,True,False,Tier 1 -- exact match with GT 'cells'.,
PMC10681723,Organism,S. cerevisiae,Saccharomyces cerevisiae,True,0.7,HIERARCHICAL,False,False,False,True,False,True,False,False,,True,False,False,Tier 4 -- hierarchical match with GT 'Saccharomyces cerevisiae'; predicted is less specific than GT (subset -- incomplete).,
PMC10681723,Organism,Escherichia coli,Saccharomyces cerevisiae,True,0.0,NO_MATCH,False,False,False,False,False,False,True,False,,False,False,False,"GEval=0.20. The annotation type is correct (Organism matches the provided type definition: source species), so there is no type mismatch. The extracted value “Escherichia coli” is explicitly present in context[0] (e.g., recombinant histones expressed in a BL21(DE3) CodonPlus RIL strain of E. coli), so it is not a hallucination. However, it is not semantically equivalent to the expected ground-truth organism “Saccharomyces cerevisiae,” which is the primary study system repeatedly described in the abstract/methods (budding yeast, S. cerevisiae reference genome). Thus the extraction selects a secondary expression host rather than the intended source organism, making it largely incorrect despite being text-supported.",
PMC10681723,Staining,coomassie brilliant blue (CBB) staining,,False,0.6,SEMANTIC,False,False,False,False,True,True,False,False,,True,True,False,"GEval=1.00. The annotation type is Staining, which matches the provided type definition (“Staining applied to sample prior to MS.”), and the extracted value (“coomassie brilliant blue (CBB) staining”) is explicitly present in the source text (“visualized by coomassie brilliant blue (CBB) staining”), so it is not hallucinated. There is no type mismatch to correct because the value describes a staining method rather than a compound dose or another entity type. With no ground-truth list, semantic assessment is against the text only, and the extracted phrase is an exact match (including the common abbreviation CBB), making it complete and accurately captured.",
PMC10681723,Strain,W303-1,,False,0.0,NO_MATCH,False,False,False,False,False,False,True,True,Genotype,True,False,False,"GEval=0.60. The extracted value “W303-1” is explicitly present in the source text (“isogenic W303-1 background”), so it is not a hallucination. However, the annotation type is likely mismatched to the provided schema: context defines Strain as an animal strain (e.g., BALB/c), while W303-1 is a Saccharomyces cerevisiae (yeast) strain/background; Correct type: Genotype. There is no ground-truth list to compare against beyond the source text, and the value itself is complete and specific as a strain/background identifier.",
PMC10681723,Strain,BL21(DE3) CodonPlus RIL,,False,0.0,NO_MATCH,False,False,False,False,False,False,True,False,,False,False,True,"GEval=0.00. No response was provided to evaluate against the specified steps. As a result, the required checks (type mismatch against the Strain definition, verifying the extracted value appears in context[0], and assessing equivalence/completeness given there is no ground truth) were not performed or reported.",
PMC10681723,AcquisitionMethod,MISSING,affinity purification-mass spectrometry (AP-MS),True,0.0,NO_MATCH,False,False,False,False,False,False,True,False,,False,False,False,Not extracted -- present in source text or ground truth.,affinity purification-mass spectrometry (AP-MS)
PMC10681723,Bait,MISSING,Spt16; Spt16-ΔN,True,0.0,NO_MATCH,False,False,False,False,False,False,True,False,,False,False,False,Not extracted -- present in source text or ground truth.,Spt16; Spt16-ΔN
PMC10681723,EnrichmentMethod,MISSING,tandem affinity purification (TAP),True,0.0,NO_MATCH,False,False,False,False,False,False,True,False,,False,False,False,Not extracted -- present in source text or ground truth.,tandem affinity purification (TAP)
PMC10681723,NumberOfBiologicalReplicates,MISSING,n = 3,True,0.0,NO_MATCH,False,False,False,False,False,False,True,False,,False,False,False,Not extracted -- present in source text or ground truth.,n = 3
PMC4746666,AcquisitionMethod,A data dependent mass spectrometric method,data dependent; data dependent mass spectrometric method,True,0.7,HIERARCHICAL,False,False,False,True,False,True,False,False,,True,True,False,Tier 4 -- hierarchical match with GT 'data dependent'; predicted is more detailed than GT (superset -- complete).,
PMC4746666,Age,40y,40y; 39y; 27y; 20y,True,1.0,EXACT,True,False,False,False,False,True,False,False,,True,True,False,Tier 1 -- exact match with GT '40y'.,
PMC4746666,Age,39y,40y; 39y; 27y; 20y,True,1.0,EXACT,True,False,False,False,False,True,False,False,,True,True,False,Tier 1 -- exact match with GT '39y'.,
PMC4746666,Age,27y,40y; 39y; 27y; 20y,True,1.0,EXACT,True,False,False,False,False,True,False,False,,True,True,False,Tier 1 -- exact match with GT '27y'.,
PMC4746666,Age,20y,40y; 39y; 27y; 20y,True,1.0,EXACT,True,False,False,False,False,True,False,False,,True,True,False,Tier 1 -- exact match with GT '20y'.,
PMC4746666,AlkylationReagent,iodoacetamide,iodoacetamide,True,1.0,EXACT,True,False,False,False,False,True,False,False,,True,True,False,Tier 1 -- exact match with GT 'iodoacetamide'.,
PMC4746666,CellLine,human embryonic stem cell line (hESC) ES04 (WiCell institute),hESC ES04 (WiCell institute),True,0.7,HIERARCHICAL,False,False,False,True,False,True,False,False,,True,True,False,Tier 4 -- hierarchical match with GT 'hESC ES04 (WiCell institute)'; predicted is more detailed than GT (superset -- complete).,
PMC4746666,CellPart,cytosolic (CYT),cytosolic (CYT); nuclear (NUC); chromatin-bound (CH),True,1.0,EXACT,True,False,False,False,False,True,False,False,,True,True,False,Tier 1 -- exact match with GT 'cytosolic (CYT)'.,
PMC4746666,CellPart,nuclear (NUC),cytosolic (CYT); nuclear (NUC); chromatin-bound (CH),True,1.0,EXACT,True,False,False,False,False,True,False,False,,True,True,False,Tier 1 -- exact match with GT 'nuclear (NUC)'.,
PMC4746666,CellPart,chromatin-bound (CH),cytosolic (CYT); nuclear (NUC); chromatin-bound (CH),True,1.0,EXACT,True,False,False,False,False,True,False,False,,True,True,False,Tier 1 -- exact match with GT 'chromatin-bound (CH)'.,
PMC4746666,CellType,Mesenchymal stem cells (MSC),mesenchymal stem cells (MSC); embryonic stem cells (ESC); bone marrow-derived MSC (BM-MSC),True,0.9,NORMALIZED,False,True,False,False,False,True,False,False,,True,True,False,Tier 2 -- normalized match with GT 'mesenchymal stem cells (MSC)'.,
PMC4746666,CellType,ESC-derived MSC,mesenchymal stem cells (MSC); embryonic stem cells (ESC); bone marrow-derived MSC (BM-MSC),True,0.65,HIERARCHICAL,False,False,False,True,False,True,False,False,,True,False,False,Tier 4 -- hierarchical match with GT 'bone marrow-derived MSC (BM-MSC)'; predicted is less specific than GT (subset -- incomplete).,
PMC4746666,CellType,Bone marrow-derived mesenchymal stem cells,mesenchymal stem cells (MSC); embryonic stem cells (ESC); bone marrow-derived MSC (BM-MSC),True,0.65,HIERARCHICAL,False,False,False,True,False,True,False,False,,True,True,False,Tier 4 -- hierarchical match with GT 'mesenchymal stem cells (MSC)'; predicted is more detailed than GT (superset -- complete).,
PMC4746666,CellType,human embryonic stem cells (hESC),mesenchymal stem cells (MSC); embryonic stem cells (ESC); bone marrow-derived MSC (BM-MSC),True,0.65,HIERARCHICAL,False,False,False,True,False,True,False,False,,True,True,False,Tier 4 -- hierarchical match with GT 'mesenchymal stem cells (MSC)'; predicted is more detailed than GT (superset -- complete).,
PMC4746666,CleavageAgent,Lys-C,trypsin; Lys-C; Trypsin/P,True,1.0,EXACT,True,False,False,False,False,True,False,False,,True,True,False,Tier 1 -- exact match with GT 'Lys-C'.,
PMC4746666,CleavageAgent,Trypsin/P,trypsin; Lys-C; Trypsin/P,True,1.0,EXACT,True,False,False,False,False,True,False,False,,True,True,False,Tier 1 -- exact match with GT 'Trypsin/P'.,
PMC4746666,CollisionEnergy,(normalized collision energy 25),normalized collision energy 25,True,0.9,NORMALIZED,False,True,False,False,False,True,False,False,,True,True,False,Tier 2 -- normalized match with GT 'normalized collision energy 25'.,
PMC4746666,FlowRateChromatogram,250 nl/min,250 nL/min,True,0.9,NORMALIZED,False,True,False,False,False,True,False,False,,True,True,False,Tier 2 -- normalized match with GT '250 nL/min'.,
PMC4746666,FractionationMethod,Subcellular fractionation,Isoelectric focusing (OFFGEL fractionator),True,0.0,NO_MATCH,False,False,False,False,False,False,True,True,FractionationMethod,False,False,False,"GEval=0.30. The extracted value “Subcellular fractionation” is explicitly present in the abstract/methods context (“Subcellular fractionation was performed…”), so it is not a hallucination. However, it does not match the expected FractionationMethod ground truth (“Isoelectric focusing (OFFGEL fractionator)”), which is also present in the context as the offline peptide fractionation step before LC-MS/MS. Additionally, per the provided type definition, FractionationMethod targets off-line fractionation of the bulk sample before LC-MS runs (e.g., SCX, high-pH RP), and “subcellular fractionation” refers to cellular compartment separation (cytosolic/nuclear/chromatin-bound) rather than the intended LC-adjacent fractionation; Correct type: FractionationMethod. The output is therefore incomplete/wrong relative to the ground truth choice because it selects a different fractionation step than the expected OFFGEL isoelectric focusing.",
PMC4746666,FractionationMethod,"in-solution isoelectric focusing (OFFGEL fractionator, Agilent)",Isoelectric focusing (OFFGEL fractionator),True,0.7,HIERARCHICAL,False,False,False,True,False,True,False,False,,True,True,False,Tier 4 -- hierarchical match with GT 'Isoelectric focusing (OFFGEL fractionator)'; predicted is more detailed than GT (superset -- complete).,
PMC4746666,FragmentMassTolerance,FTMS MS/MS tolerance 20 ppm,20 ppm,True,0.7,HIERARCHICAL,False,False,False,True,False,True,False,False,,True,True,False,Tier 4 -- hierarchical match with GT '20 ppm'; predicted is more detailed than GT (superset -- complete).,
PMC4746666,FragmentationMethod,higher energy collisional dissociation,higher energy collisional dissociation (HCD),True,0.7,HIERARCHICAL,False,False,False,True,False,True,False,False,,True,False,False,Tier 4 -- hierarchical match with GT 'higher energy collisional dissociation (HCD)'; predicted is less specific than GT (subset -- incomplete).,
PMC4746666,GradientTime,from 10 to 60% mobile phase B over 100 min,100 min,True,0.7,HIERARCHICAL,False,False,False,True,False,True,False,False,,True,True,False,Tier 4 -- hierarchical match with GT '100 min'; predicted is more detailed than GT (superset -- complete).,
PMC4746666,Instrument,"Q Exactive mass spectrometer (Thermo Scientific, Bremen, Germany)",Q Exactive mass spectrometer (Thermo Scientific),True,0.7,HIERARCHICAL,False,False,False,True,False,True,False,False,,True,True,False,Tier 4 -- hierarchical match with GT 'Q Exactive mass spectrometer (Thermo Scientific)'; predicted is more detailed than GT (superset -- complete).,
PMC4746666,Label,SILAC,triple SILAC; Arg6/Lys4; Arg10/Lys8,True,0.7,HIERARCHICAL,False,False,False,True,False,True,False,False,,True,False,False,Tier 4 -- hierarchical match with GT 'triple SILAC'; predicted is less specific than GT (subset -- incomplete).,
PMC4746666,Label,“light” labeling,triple SILAC; Arg6/Lys4; Arg10/Lys8,True,0.0,NO_MATCH,False,False,False,False,False,False,True,False,,False,False,False,"GEval=0.20. The annotation type is Label, which matches the schema/type definitions in the context (so there is no type mismatch). The extracted value “light” labeling is explicitly present in context[0] (“standard amino acids for ‘light’ labeling”), so it is not a hallucination. However, it is not semantically equivalent to any of the expected Label ground-truth values (triple SILAC; Arg6/Lys4; Arg10/Lys8): it names the light/unlabeled condition rather than the triple-SILAC method or the medium/heavy isotope pair labels listed as valid expected outputs. As a result, despite being related to the SILAC setup, it does not match the required expected label representations.",
PMC4746666,Label,L-lysine – U-13C615N2 (Lys8),triple SILAC; Arg6/Lys4; Arg10/Lys8,True,0.65,HIERARCHICAL,False,False,False,True,False,True,False,False,,True,True,False,Tier 4 -- hierarchical match with GT 'Arg10/Lys8'; predicted is more detailed than GT (superset -- complete).,
PMC4746666,Label,L-arginine – U-13C615N4 (Arg10),triple SILAC; Arg6/Lys4; Arg10/Lys8,True,0.65,HIERARCHICAL,False,False,False,True,False,True,False,False,,True,True,False,Tier 4 -- hierarchical match with GT 'Arg10/Lys8'; predicted is more detailed than GT (superset -- complete).,
PMC4746666,Label,L-lysine – U-13C415N0 (Lys4),triple SILAC; Arg6/Lys4; Arg10/Lys8,True,0.65,HIERARCHICAL,False,False,False,True,False,True,False,False,,True,True,False,Tier 4 -- hierarchical match with GT 'Arg6/Lys4'; predicted is more detailed than GT (superset -- complete).,
PMC4746666,Label,L-arginine – U-13C615N0 (Arg6),triple SILAC; Arg6/Lys4; Arg10/Lys8,True,0.65,HIERARCHICAL,False,False,False,True,False,True,False,False,,True,True,False,Tier 4 -- hierarchical match with GT 'Arg6/Lys4'; predicted is more detailed than GT (superset -- complete).,
PMC4746666,MaterialType,cells,cell line,True,0.0,NO_MATCH,False,False,False,False,False,False,True,False,,False,False,False,"GEval=0.40. The annotation type matches the task: both the actual output and expected output are for MaterialType, so there is no type mismatch. The extracted value “cells” is explicitly present multiple times in the provided abstract/methods context, so it is not a hallucination. However, compared to the expected ground-truth value “cell line,” “cells” is semantically broader and does not unambiguously specify the material class as a cell line (it could refer to primary cells or cells in general), so it only weakly aligns by indicating a cellular material. Completeness is acceptable in that a material class was provided, but it lacks the specificity required to match the expected “cell line.”",
PMC4746666,Modification,N-terminal acetylation,N-terminal acetylation; methionine oxidation; cysteine carbamidomethylation,True,1.0,EXACT,True,False,False,False,False,True,False,False,,True,True,False,Tier 1 -- exact match with GT 'N-terminal acetylation'.,
PMC4746666,Modification,methionine oxidation,N-terminal acetylation; methionine oxidation; cysteine carbamidomethylation,True,1.0,EXACT,True,False,False,False,False,True,False,False,,True,True,False,Tier 1 -- exact match with GT 'methionine oxidation'.,
PMC4746666,Modification,cysteine carbamidomethylation,N-terminal acetylation; methionine oxidation; cysteine carbamidomethylation,True,1.0,EXACT,True,False,False,False,False,True,False,False,,True,True,False,Tier 1 -- exact match with GT 'cysteine carbamidomethylation'.,
PMC4746666,NumberOfBiologicalReplicates,3,Three,True,0.9,NORMALIZED,False,True,False,False,False,True,False,False,,True,True,False,Tier 2 -- normalized match with GT 'Three'.,
PMC4746666,NumberOfFractions,12 fractions,12,True,0.9,NORMALIZED,False,True,False,False,False,True,False,False,,True,True,False,Tier 2 -- normalized match with GT '12'.,
PMC4746666,NumberOfMissedCleavages,maximum two missed cleavages,maximum two missed cleavages,True,1.0,EXACT,True,False,False,False,False,True,False,False,,True,True,False,Tier 1 -- exact match with GT 'maximum two missed cleavages'.,
PMC4746666,NumberOfTechnicalReplicates,36 MS runs per sample,,False,0.48,SEMANTIC,False,False,False,False,True,True,False,False,,True,True,False,"GEval=0.80. The annotation type NumberOfTechnicalReplicates matches the provided type definition (a total count of technical replicates per sample), and the extracted value is supported by the source text: the Methods section explicitly states “combined (36 MS runs per sample)”. This means the value is not hallucinated. Semantically, “36 MS runs per sample” corresponds to a per-sample count of MS run-level technical repetitions, which is a reasonable interpretation of technical replicates in this MS context, though it includes extra descriptor text rather than being a bare number (e.g., “36”). With no ground-truth list to compare against, the extraction is largely complete and consistent with the source, with only minor formatting/field-normalization ambiguity.",
PMC4746666,NumberOfTechnicalReplicates,12 MS runs per sample,,False,0.54,SEMANTIC,False,False,False,False,True,True,False,False,,True,True,False,"GEval=0.90. The extracted value “12 MS runs per sample” is explicitly supported by the source text in context[0] (“separate organelle fractions (12 MS runs per sample)”), so it is not a hallucination. The annotation type NumberOfTechnicalReplicates matches the type definition in context[1]/context[2] (a total count of technical replicates per sample), and “MS runs per sample” is a reasonable expression of technical replicate count in this MS context. There is no provided ground truth to compare against, but the value is semantically consistent with the paper’s description of run multiplicity; the only minor issue is that the value includes extra wording rather than being a bare numeric count.",
PMC4746666,Organism,Homo Sapiens,Homo sapiens,True,0.9,NORMALIZED,False,True,False,False,False,True,False,False,,True,True,False,Tier 2 -- normalized match with GT 'Homo sapiens'.,
PMC4746666,OrganismPart,bone marrow,bone marrow,True,1.0,EXACT,True,False,False,False,False,True,False,False,,True,True,False,Tier 1 -- exact match with GT 'bone marrow'.,
PMC4746666,PrecursorMassTolerance,first search mass accuracy tolerance 20 ppm,20 ppm; 4.5 ppm,True,0.7,HIERARCHICAL,False,False,False,True,False,True,False,False,,True,True,False,Tier 4 -- hierarchical match with GT '20 ppm'; predicted is more detailed than GT (superset -- complete).,
PMC4746666,PrecursorMassTolerance,main search mass accuracy tolerance 4.5 ppm,20 ppm; 4.5 ppm,True,0.7,HIERARCHICAL,False,False,False,True,False,True,False,False,,True,True,False,Tier 4 -- hierarchical match with GT '4.5 ppm'; predicted is more detailed than GT (superset -- complete).,
PMC4746666,ReductionReagent,DTT,DTT,True,1.0,EXACT,True,False,False,False,False,True,False,False,,True,True,False,Tier 1 -- exact match with GT 'DTT'.,
PMC4746666,Separation,EASY nLC-II,ReproSil-Pur 120 C18-AQ 3 μ m diameter beads,True,0.0,NO_MATCH,False,False,False,False,False,False,True,False,,False,False,False,"GEval=0.20. The annotation type is Separation, but the extracted value “EASY nLC-II” is an LC instrument model name rather than an on-line LC separation description (stationary phase/column chemistry/approach), which the provided type definition explicitly says is NOT a valid Separation value. The term “EASY nLC-II” does appear verbatim in the context (so it is not a hallucination), but it is not semantically equivalent to the expected Separation ground truth (“ReproSil-Pur 120 C18-AQ 3 μm diameter beads”), which is the stationary phase/packing material actually describing the chromatographic separation. The output is therefore incomplete/incorrect with respect to the required Separation detail, even though a correct Separation value is available in the passage.",
PMC4746666,Separation,ReproSil-Pur 120 C18-AQ 3 μ m diameter beads,ReproSil-Pur 120 C18-AQ 3 μ m diameter beads,True,1.0,EXACT,True,False,False,False,False,True,False,False,,True,True,False,Tier 1 -- exact match with GT 'ReproSil-Pur 120 C18-AQ 3 μ m diameter beads'.,
PMC4746666,Sex,male,male,True,1.0,EXACT,True,False,False,False,False,True,False,False,,True,True,False,Tier 1 -- exact match with GT 'male'.,
PMC4746666,Temperature,37 °C,37°C,True,0.9,NORMALIZED,False,True,False,False,False,True,False,False,,True,True,False,Tier 2 -- normalized match with GT '37°C'.,
PMC5535869,AlkylationReagent,IAA,,False,0.6,SEMANTIC,False,False,False,False,True,True,False,False,,True,True,False,"GEval=1.00. The annotation type matches the provided definition: “IAA” is explicitly listed as an example AlkylationReagent and is used to alkylate cysteine -SH groups. The extracted value is present in the source text in Methods 4.4 (“alkylated with 20 mM IAA”), so it is not a hallucination. With no ground-truth expected output, evaluation is against the text only, and “IAA” is semantically correct (common shorthand for iodoacetamide used for alkylation). Completeness is acceptable since the reagent identity is captured, and including the concentration is not required for this type.",
PMC5535869,CleavageAgent,trypsin,trypsin; Trypsin/P,True,1.0,EXACT,True,False,False,False,False,True,False,False,,True,True,False,Tier 1 -- exact match with GT 'trypsin'.,
PMC5535869,DevelopmentalStage,mature pistils,unpollinated pistil (S0); three DAP (Day After Pollination) (S3); seven DAP (S7),True,0.54,SEMANTIC,False,False,False,False,True,True,False,False,,True,True,False,"GEval=0.90. The extracted value “mature pistils” matches the declared annotation type DevelopmentalStage per the provided type definition (a developmental stage of the source), so there is no type mismatch. The phrase is explicitly present in context[0] (“the mature pistils were manually dissected and collected…”), so it is not a hallucination. Semantically, “mature pistils” corresponds to the pistil stage collected prior to seed development timepoints and is a reasonable equivalent/synonym of the expected ground-truth stage “unpollinated pistil (S0)” (distinct from the other expected stages “three DAP” and “seven DAP”). While it does not include the explicit “unpollinated/S0” label, it is sufficiently close for lenient completeness given the context.",
PMC5535869,DevelopmentalStage,three DAP,unpollinated pistil (S0); three DAP (Day After Pollination) (S3); seven DAP (S7),True,0.7,HIERARCHICAL,False,False,False,True,False,True,False,False,,True,False,False,Tier 4 -- hierarchical match with GT 'three DAP (Day After Pollination) (S3)'; predicted is less specific than GT (subset -- incomplete).,
PMC5535869,DevelopmentalStage,seven DAP,unpollinated pistil (S0); three DAP (Day After Pollination) (S3); seven DAP (S7),True,0.7,HIERARCHICAL,False,False,False,True,False,True,False,False,,True,False,False,Tier 4 -- hierarchical match with GT 'seven DAP (S7)'; predicted is less specific than GT (subset -- incomplete).,
PMC5535869,EnrichmentMethod,"incubated with pre-washed antibody beads (PTM Biolabs, Hangzhou, China) by gentle shaking at 4 °C overnight to enrich Kac peptides",acetylpeptide enrichment,True,0.6,SEMANTIC,False,False,False,False,True,True,False,False,,True,True,False,"GEval=1.00. The annotation type EnrichmentMethod matches the provided type definition (peptide/protein enrichment protocol before MS), so there is no type mismatch. The extracted value is explicitly present verbatim in the Methods context (section 4.4, describing incubation with anti-acetyllysine antibody beads to enrich Kac peptides), so it is not a hallucination. Semantically, this protocol is an acetylpeptide (acetyl-lysine peptide) enrichment workflow and is therefore equivalent to the expected ground-truth value “acetylpeptide enrichment.” The extraction is also sufficiently complete/precise for the enrichment method, capturing the key enrichment approach (antibody-bead incubation to enrich Kac peptides).",
PMC5535869,FlowRateChromatogram,300 µL∙min−1,300 nL/min,True,0.0,NO_MATCH,False,False,False,False,False,False,True,False,,False,False,True,"GEval=0.00. No model response was provided to evaluate against the steps. Without an explicit response, it is impossible to check for type mismatch handling (including stating 'Correct type: X' when needed), verify whether the extracted value is present in context[0] (e.g., '300 µL∙min−1'), compare semantic equivalence to the expected ground truth ('300 nL/min'), or assess completeness, so alignment with the evaluation criteria cannot be established.",
PMC5535869,FragmentMassTolerance,0.02 Da,0.02 Da,True,1.0,EXACT,True,False,False,False,False,True,False,False,,True,True,False,Tier 1 -- exact match with GT '0.02 Da'.,
PMC5535869,Instrument,"Q Exactive TM mass spectrometer (Thermo, Waltham, MA, USA)",Q Exactive mass spectrometer,True,0.65,HIERARCHICAL,False,False,False,True,False,True,False,False,,True,True,False,Tier 4 -- hierarchical match with GT 'Q Exactive mass spectrometer'; predicted is more detailed than GT (superset -- complete).,
PMC5535869,Label,label-free,label-free approach,True,0.7,HIERARCHICAL,False,False,False,True,False,True,False,False,,True,False,False,Tier 4 -- hierarchical match with GT 'label-free approach'; predicted is less specific than GT (subset -- incomplete).,
PMC5535869,MaterialType,tissue,Tissue,True,0.9,NORMALIZED,False,True,False,False,False,True,False,False,,True,True,False,Tier 2 -- normalized match with GT 'Tissue'.,
PMC5535869,Modification,acetylation on Lys protein N-terminal,carbamidomethylation on Cys; oxidation on Met; acetylation on Lys protein N-terminal,True,1.0,EXACT,True,False,False,False,False,True,False,False,,True,True,False,Tier 1 -- exact match with GT 'acetylation on Lys protein N-terminal'.,
PMC5535869,Modification,carbamidomethylation on Cys,carbamidomethylation on Cys; oxidation on Met; acetylation on Lys protein N-terminal,True,1.0,EXACT,True,False,False,False,False,True,False,False,,True,True,False,Tier 1 -- exact match with GT 'carbamidomethylation on Cys'.,
PMC5535869,Modification,oxidation on Met,carbamidomethylation on Cys; oxidation on Met; acetylation on Lys protein N-terminal,True,1.0,EXACT,True,False,False,False,False,True,False,False,,True,True,False,Tier 1 -- exact match with GT 'oxidation on Met'.,
PMC5535869,NumberOfBiologicalReplicates,3,three biological replicates,True,0.6,SEMANTIC,False,False,False,False,True,True,False,False,,True,True,False,"GEval=1.00. The annotation type matches the task: NumberOfBiologicalReplicates is defined in the provided type definitions as the total count of biological replicates, and the extracted value is a count. The value is not hallucinated because context[0] explicitly states the experiment was performed “with three biological replicates,” which unambiguously corresponds to 3. Semantically, the extracted numeric value 3 is equivalent to the expected ground-truth phrasing “three biological replicates.” The extraction is also complete under the lenient completeness check because it captures the full replicate count without needing any additional qualifiers.",
PMC5535869,NumberOfMissedCleavages,4 missing cleavages,up to 4 missing cleavages,True,0.7,HIERARCHICAL,False,False,False,True,False,True,False,False,,True,False,False,Tier 4 -- hierarchical match with GT 'up to 4 missing cleavages'; predicted is less specific than GT (subset -- incomplete).,
PMC5535869,Organism,Oryza sativa,Oryza sativa L.; rice,True,0.7,HIERARCHICAL,False,False,False,True,False,True,False,False,,True,False,False,Tier 4 -- hierarchical match with GT 'Oryza sativa L.'; predicted is less specific than GT (subset -- incomplete).,
PMC5535869,OrganismPart,pistil,pistil; developing seeds,True,1.0,EXACT,True,False,False,False,False,True,False,False,,True,True,False,Tier 1 -- exact match with GT 'pistil'.,
PMC5535869,OrganismPart,seeds,pistil; developing seeds,True,0.7,HIERARCHICAL,False,False,False,True,False,True,False,False,,True,False,False,Tier 4 -- hierarchical match with GT 'developing seeds'; predicted is less specific than GT (subset -- incomplete).,
PMC5535869,PrecursorMassTolerance,10 ppm,10 ppm,True,1.0,EXACT,True,False,False,False,False,True,False,False,,True,True,False,Tier 1 -- exact match with GT '10 ppm'.,
PMC5535869,ReductionReagent,DL-Dithiothreitol,DTT,True,0.7,HIERARCHICAL,False,False,False,True,False,True,False,False,,True,True,False,Tier 4 -- hierarchical match with GT 'DTT'; predicted is more detailed than GT (superset -- complete).,
PMC5535869,Separation,"reversed-phase analytical column (Thermo, Waltham, MA, USA.)",reversed-phase,True,0.7,HIERARCHICAL,False,False,False,True,False,True,False,False,,True,True,False,Tier 4 -- hierarchical match with GT 'reversed-phase'; predicted is more detailed than GT (superset -- complete).,
PMC5535869,Strain,Nipponbare,Nipponbare,True,1.0,EXACT,True,False,False,False,False,True,False,False,,True,True,False,Tier 1 -- exact match with GT 'Nipponbare'.,
PMC5535869,CellType,MISSING,rice suspension cell,True,0.0,NO_MATCH,False,False,False,False,False,False,True,False,,False,False,False,Not extracted -- present in source text or ground truth.,rice suspension cell
PMC5535869,GradientTime,MISSING,24 min; 8 min; 5 min; 3 min,True,0.0,NO_MATCH,False,False,False,False,False,False,True,False,,False,False,False,Not extracted -- present in source text or ground truth.,24 min; 8 min; 5 min; 3 min
PMC5830451,AcquisitionMethod,Data-dependent acquisition mode,Data-dependent acquisition,True,0.7,HIERARCHICAL,False,False,False,True,False,True,False,False,,True,True,False,Tier 4 -- hierarchical match with GT 'Data-dependent acquisition'; predicted is more detailed than GT (superset -- complete).,
PMC5830451,AlkylationReagent,iodoacetamide (IAA),iodoacetamide (IAA),True,1.0,EXACT,True,False,False,False,False,True,False,False,,True,True,False,Tier 1 -- exact match with GT 'iodoacetamide (IAA)'.,
PMC5830451,CellLine,HeLa cells (ATCC),HeLa cells (ATCC),True,1.0,EXACT,True,False,False,False,False,True,False,False,,True,True,False,Tier 1 -- exact match with GT 'HeLa cells (ATCC)'.,
PMC5830451,CleavageAgent,Trypsin,trypsin (MS grade); Lys-C (MS grade),True,0.7,HIERARCHICAL,False,False,False,True,False,True,False,False,,True,False,False,Tier 4 -- hierarchical match with GT 'trypsin (MS grade)'; predicted is less specific than GT (subset -- incomplete).,
PMC5830451,CleavageAgent,Lys-C,trypsin (MS grade); Lys-C (MS grade),True,0.7,HIERARCHICAL,False,False,False,True,False,True,False,False,,True,False,False,Tier 4 -- hierarchical match with GT 'Lys-C (MS grade)'; predicted is less specific than GT (subset -- incomplete).,
PMC5830451,CollisionEnergy,collision energy of 28%,28%,True,0.0,NO_MATCH,False,False,False,False,False,False,True,False,,False,False,True,"GEval=0.00. No response text was provided to evaluate against the steps. Without an assessed response, it is impossible to verify the required checks (type match for CollisionEnergy, presence in context[0] of “collision energy of 28%”/“28%”, or semantic equivalence to the expected ground truth value “28%”), so the evaluation cannot demonstrate alignment with the specified procedure.",
PMC5830451,Disease,type 1 diabetic,type 1 diabetes (T1D); non-diabetic control,True,0.65,HIERARCHICAL,False,False,False,True,False,True,False,False,,True,False,False,Tier 4 -- hierarchical match with GT 'type 1 diabetes (T1D)'; predicted is less specific than GT (subset -- incomplete).,
PMC5830451,Disease,non-diabetic,type 1 diabetes (T1D); non-diabetic control,True,0.7,HIERARCHICAL,False,False,False,True,False,True,False,False,,True,False,False,Tier 4 -- hierarchical match with GT 'non-diabetic control'; predicted is less specific than GT (subset -- incomplete).,
PMC5830451,FlowRateChromatogram,500 nL/min,60 nL/min; 400 nL/min; 500 nL/min,True,0.9,NORMALIZED,False,True,False,False,False,True,False,False,,True,True,False,Tier 2 -- normalized match with GT '500 nL/min'.,
PMC5830451,FlowRateChromatogram,60 nL/min,60 nL/min; 400 nL/min; 500 nL/min,True,0.9,NORMALIZED,False,True,False,False,False,True,False,False,,True,True,False,Tier 2 -- normalized match with GT '60 nL/min'.,
PMC5830451,FlowRateChromatogram,400 nL/min,60 nL/min; 400 nL/min; 500 nL/min,True,0.9,NORMALIZED,False,True,False,False,False,True,False,False,,True,True,False,Tier 2 -- normalized match with GT '400 nL/min'.,
PMC5830451,FragmentMassTolerance,"20, 10, and 7 ppm",4.5 ppm,True,0.0,NO_MATCH,False,False,False,False,False,False,True,False,,False,False,False,"GEval=0.20. The annotation type is FragmentMassTolerance, which is a valid type for a fragment/ MS/MS mass-tolerance parameter, so there is no type mismatch to correct. The extracted value “20, 10, and 7 ppm” is explicitly present in the provided context (the MS/MS search settings state “match tolerance, de novo tolerance, and deisotoping tolerance … were 20, 10, and 7 ppm”), so it is not a hallucination. However, it does not semantically match the expected ground-truth value of “4.5 ppm,” which in the context refers to the (main search) peptide mass tolerance (“<20 and 4.5 ppm”), i.e., a different tolerance setting than the MS/MS tolerances captured by 20/10/7 ppm. Completeness is not the main issue here; the main shortcoming is selecting the wrong tolerance value relative to the expected output.",
PMC5830451,FragmentationMethod,high energy dissociation,high energy dissociation,True,1.0,EXACT,True,False,False,False,False,True,False,False,,True,True,False,Tier 1 -- exact match with GT 'high energy dissociation'.,
PMC5830451,GradientTime,A linear 150-min gradient,150 min; 20 min,True,0.7,HIERARCHICAL,False,False,False,True,False,True,False,False,,True,True,False,Tier 4 -- hierarchical match with GT '150 min'; predicted is more detailed than GT (superset -- complete).,
PMC5830451,GradientTime,20 min,150 min; 20 min,True,0.9,NORMALIZED,False,True,False,False,False,True,False,False,,True,True,False,Tier 2 -- normalized match with GT '20 min'.,
PMC5830451,Instrument,Orbitrap Fusion Lumos Tribrid MS (ThermoFisher),Orbitrap Fusion Lumos Tribrid MS (ThermoFisher),True,1.0,EXACT,True,False,False,False,False,True,False,False,,True,True,False,Tier 1 -- exact match with GT 'Orbitrap Fusion Lumos Tribrid MS (ThermoFisher)'.,
PMC5830451,IonizationType,Electrospray,,False,0.54,SEMANTIC,False,False,False,False,True,True,False,False,,True,True,False,"GEval=0.90. Type check: the annotation type is IonizationType, defined as the ionization source type (e.g., nano-ESI, MALDI), and “Electrospray” is a valid ionization source so there is no type mismatch. Hallucination check: the source text explicitly contains “Electrospray voltage of 1.9 kV was applied at the source,” so the extracted value is supported by context[0]. Semantic equivalence: with no ground-truth list provided, the value aligns with the described electrospray ionization used on the Orbitrap Fusion Lumos setup; while the text does not specify “nano-ESI” verbatim, “Electrospray” is the same ionization principle and fits the IonizationType slot. Completeness: the extracted value captures the ionization method, though it could be more specific (e.g., nano-electrospray) if stated, but that specificity is not unambiguously present in the text.",
PMC5830451,Label,LFQ,LFQ,True,1.0,EXACT,True,False,False,False,False,True,False,False,,True,True,False,Tier 1 -- exact match with GT 'LFQ'.,
PMC5830451,MaterialType,cell line,cells; tissue,True,0.42,SEMANTIC,False,False,False,False,True,True,False,False,,True,False,False,"GEval=0.70. The annotation type is MaterialType, which matches the provided type definition (broad material class such as ""tissue"" or ""cell line""), so there is no type mismatch. The extracted value ""cell line"" is explicitly present in the context via the MaterialType definition example, so it is not a hallucination. However, the expected ground-truth values for MaterialType are ""cells"" or ""tissue""; ""cell line"" is semantically close to ""cells"" (a specific cultured cell category) but is not an exact match to either listed ground-truth option, making this only a partial semantic alignment. Completeness is acceptable in the sense that it provides a valid broad material class, but it misses the opportunity to match the expected normalized categories directly.",
PMC5830451,MaterialType,tissue,cells; tissue,True,1.0,EXACT,True,False,False,False,False,True,False,False,,True,True,False,Tier 1 -- exact match with GT 'tissue'.,
PMC5830451,Modification,N-terminal protein acetylation,carbamidomethylation (of cysteine); methionine oxidation; N-terminal protein acetylation,True,1.0,EXACT,True,False,False,False,False,True,False,False,,True,True,False,Tier 1 -- exact match with GT 'N-terminal protein acetylation'.,
PMC5830451,Modification,methionine oxidation,carbamidomethylation (of cysteine); methionine oxidation; N-terminal protein acetylation,True,1.0,EXACT,True,False,False,False,False,True,False,False,,True,True,False,Tier 1 -- exact match with GT 'methionine oxidation'.,
PMC5830451,Modification,Carbamidomethylation of cysteine residues,carbamidomethylation (of cysteine); methionine oxidation; N-terminal protein acetylation,True,0.7,HIERARCHICAL,False,False,False,True,False,True,False,False,,True,True,False,Tier 4 -- hierarchical match with GT 'carbamidomethylation (of cysteine)'; predicted is more detailed than GT (superset -- complete).,
PMC5830451,NumberOfMissedCleavages,2,2,True,1.0,EXACT,True,False,False,False,False,True,False,False,,True,True,False,Tier 1 -- exact match with GT '2'.,
PMC5830451,Organism,human,Homo sapiens,True,0.6,SEMANTIC,False,False,False,False,True,True,False,False,,True,True,False,"GEval=1.00. Type check: the annotation type is Organism, which matches the schema definition in context (source species such as “Homo sapiens”). Hallucination check: the extracted value “human” is explicitly present in context (e.g., “single human pancreatic islet thin sections” and “human database”), so it is supported by the text. Semantic equivalence: “human” is an unambiguous synonym for the expected ground-truth organism “Homo sapiens,” so the value matches the expected output. Completeness: although the value is not in binomial form, it still fully identifies the organism at the required specificity for this field.",
PMC5830451,OrganismPart,human pancreatic islet thin sections,pancreatic islet,True,0.7,HIERARCHICAL,False,False,False,True,False,True,False,False,,True,True,False,Tier 4 -- hierarchical match with GT 'pancreatic islet'; predicted is more detailed than GT (superset -- complete).,
PMC5830451,PrecursorMassTolerance,4.5 ppm,10 ppm,True,0.0,NO_MATCH,False,False,False,False,False,False,True,False,,False,False,True,"GEval=0.00. No response was provided to evaluate against the required steps, so it does not perform the mandated checks: it does not verify the annotation type (PrecursorMassTolerance), does not check the context for the extracted value (4.5 ppm does appear in the Methods as the main search tolerance), does not compare semantic equivalence to the expected ground truth (10 ppm, which is not equivalent to 4.5 ppm), and does not address completeness or provide the required paragraph with the specified type-mismatch phrasing when applicable.",
PMC5830451,ReductionReagent,DTT,DTT,True,1.0,EXACT,True,False,False,False,False,True,False,False,,True,True,False,Tier 1 -- exact match with GT 'DTT'.,
PMC5830451,Separation,SPE-LC-MS,slurry-packed with 3-μm C18 packing,True,0.0,NO_MATCH,False,False,False,False,False,False,True,False,,False,False,False,"GEval=0.30. The annotation type is Separation, and the extracted value “SPE-LC-MS” does appear verbatim in the context (as the section header “SPE-LC-MS setup”), so it is not a hallucination. However, per the Separation definition in context[1]/[2], a valid value should describe the chromatographic approach or stationary phase/column chemistry (e.g., reverse-phase C18), whereas “SPE-LC-MS” is a broad workflow label that does not specify the stationary phase. It is also not semantically equivalent to the expected ground truth separation description “slurry-packed with 3-μm C18 packing,” which is explicitly stated in the context and is the key separation detail. Overall, the extraction is present but too generic/incomplete relative to the required separation specificity.",
PMC5830451,Separation,slurry-packed with 3-μm C18 packing,slurry-packed with 3-μm C18 packing,True,1.0,EXACT,True,False,False,False,False,True,False,False,,True,True,False,Tier 1 -- exact match with GT 'slurry-packed with 3-μm C18 packing'.,
PMC5830451,Specimen,OCT (optimal cutting temperature compound) blocks,,False,0.0,NO_MATCH,False,False,False,False,False,False,True,True,Compound,False,False,False,"GEval=0.30. The extracted value “OCT (optimal cutting temperature compound) blocks” is present verbatim in the source text (in the laser microdissection methods: tissue slices were cut from “OCT (optimal cutting temperature compound) blocks”), so it is not a hallucination. However, the annotation type is mismatched: per the provided definition, Specimen should describe a biological specimen type (e.g., biopsy/plasma/urine), whereas OCT blocks refer to an embedding medium/form of preparation rather than the biological specimen itself; Correct type: Compound (or alternatively the specimen would be the pancreatic tissue slices/thin sections). With no ground-truth expected outputs, semantic equivalence is judged only against the source, and while the phrase is accurately reproduced, it does not fulfill the intended Specimen semantics. Completeness is acceptable for capturing the mentioned item, but it omits the actual biological specimen description that would better satisfy the Specimen field.",
PMC5830451,Temperature,37 °C,37°C,True,0.9,NORMALIZED,False,True,False,False,False,True,False,False,,True,True,False,Tier 2 -- normalized match with GT '37°C'.,
PMC6918071,CleavageAgent,tryptic digest,trypsin,True,0.36,SEMANTIC,False,False,False,False,True,True,False,False,,True,False,False,"GEval=0.60. The extracted value “tryptic digest” is present verbatim in the provided context (methods section: “The tryptic digest was desalted...”), so it is not a hallucination. The annotation type CleavageAgent expects the actual protease/chemical used for digestion (e.g., trypsin), and the ground truth is “trypsin”; “tryptic digest” refers to the digestion product/process rather than explicitly naming the enzyme. While “tryptic” strongly implies trypsin use and is directionally consistent with the expected cleavage agent, it is not semantically equivalent to the agent itself, making the match only partial and somewhat incomplete.",
PMC6918071,Depletion,S-depleted,sulfur-depleted,True,0.65,HIERARCHICAL,False,False,False,True,False,True,False,False,,True,True,False,Tier 4 -- hierarchical match with GT 'sulfur-depleted'; predicted is more detailed than GT (superset -- complete).,
PMC6918071,GradientTime,4-h gradients,4-h gradients,True,1.0,EXACT,True,False,False,False,False,True,False,False,,True,True,False,Tier 1 -- exact match with GT '4-h gradients'.,
PMC6918071,MaterialType,tissue,tissue,True,1.0,EXACT,True,False,False,False,False,True,False,False,,True,True,False,Tier 1 -- exact match with GT 'tissue'.,
PMC6918071,NumberOfBiologicalReplicates,3,three biological replicates per tissue,True,0.6,SEMANTIC,False,False,False,False,True,True,False,False,,True,True,False,"GEval=1.00. The annotation type is correct: the extracted value is a count and the requested type is NumberOfBiologicalReplicates (defined in context as the total count, e.g., ""3""). The value is not hallucinated because context[0] explicitly states ""three biological replicates per tissue"" in the proteomics sample preparation section, which unambiguously supports the extracted value 3. Semantically, ""3"" matches the expected ground truth wording ""three biological replicates per tissue"" (numeric vs. spelled-out form), and no additional qualifiers are required beyond the count for this field. Completeness is sufficient because the task is to capture the replicate count, and the single number fully represents that information.",
PMC6918071,NumberOfSamples,18 samples,,False,0.6,SEMANTIC,False,False,False,False,True,True,False,False,,True,True,False,"GEval=1.00. The annotation type matches the schema: the extracted value is a total count of processed samples, which aligns with NumberOfSamples (a numeric total, not an identifier). The value is explicitly supported by the source text in context[0], which states that using three biological replicates per tissue and condition “resulted in a total of 18 samples,” so it is not a hallucination. With no ground-truth expected outputs provided, evaluation is against the source only, and “18 samples” is semantically equivalent to the stated total sample count. The extraction is also sufficiently complete and specific for this field (the key total is captured, and the added word “samples” does not reduce correctness).",
PMC6918071,NumberOfTechnicalReplicates,technical triplicates,triplicates; Two,True,0.7,HIERARCHICAL,False,False,False,True,False,True,False,False,,True,True,False,Tier 4 -- hierarchical match with GT 'triplicates'; predicted is more detailed than GT (superset -- complete).,
PMC6918071,Organism,Riftia pachyptila,Riftia pachyptila; Candidatus Endoriftia persephone,True,1.0,EXACT,True,False,False,False,False,True,False,False,,True,True,False,Tier 1 -- exact match with GT 'Riftia pachyptila'.,
PMC6918071,OrganismPart,trophosome,trophosomes; plume; tentacular crown; lamellae; body wall; lateral portions of the vestimentum,True,0.7,HIERARCHICAL,False,False,False,True,False,True,False,False,,True,False,False,Tier 4 -- hierarchical match with GT 'trophosomes'; predicted is less specific than GT (subset -- incomplete).,
PMC6918071,OrganismPart,vestimentum,trophosomes; plume; tentacular crown; lamellae; body wall; lateral portions of the vestimentum,True,0.7,HIERARCHICAL,False,False,False,True,False,True,False,False,,True,False,False,Tier 4 -- hierarchical match with GT 'lateral portions of the vestimentum'; predicted is less specific than GT (subset -- incomplete).,
PMC6918071,OrganismPart,plume,trophosomes; plume; tentacular crown; lamellae; body wall; lateral portions of the vestimentum,True,1.0,EXACT,True,False,False,False,False,True,False,False,,True,True,False,Tier 1 -- exact match with GT 'plume'.,
PMC6918071,ReductionReagent,dithiothreitol,DTT,True,0.8,ONTOLOGY,False,False,True,False,False,True,False,False,,True,True,False,Tier 3 -- ontology/abbreviation match with GT 'DTT'.,
PMC6918071,Separation,one-dimensional LC-MS/MS,,False,0.3,SEMANTIC,False,False,False,False,True,True,False,False,,True,False,False,"GEval=0.50. The extracted value “one-dimensional LC-MS/MS” is explicitly present in the source text (“All samples were analyzed by one-dimensional LC-MS/MS”), so it is not a hallucination. The annotation type (Separation) is broadly plausible because it refers to an on-line LC approach, and there is no clearer alternative type in the provided schema, so no type-mismatch correction is required. However, the Separation definition in context[1]/context[2] requires details of stationary phase/column chemistry or chromatographic approach (e.g., reverse-phase C18), and “one-dimensional LC-MS/MS” is too generic and does not specify column chemistry or chromatographic mode; it also bundles MS/MS with LC rather than describing the LC separation itself. With no ground-truth expected output, the main issue is insufficient specificity relative to the Separation criteria, so only partial credit is warranted.",
PMC7144211,AcquisitionMethod,data dependent acquisition,data dependent,True,0.7,HIERARCHICAL,False,False,False,True,False,True,False,False,,True,True,False,Tier 4 -- hierarchical match with GT 'data dependent'; predicted is more detailed than GT (superset -- complete).,
PMC7144211,AlkylationReagent,iodoacetamide,iodoacetamide,True,1.0,EXACT,True,False,False,False,False,True,False,False,,True,True,False,Tier 1 -- exact match with GT 'iodoacetamide'.,
PMC7144211,AnatomicSiteTumor,resected prostate cancer tissue specimens,,False,0.0,NO_MATCH,False,False,False,False,False,False,True,True,Specimen,True,False,False,"GEval=0.50. The extracted value is present verbatim in the source text (“Resected prostate cancer tissue specimens…”), so it is not a hallucination. However, the annotation type AnatomicSiteTumor is meant to capture an anatomical location of the tumor sample (e.g., an organ/site such as “prostate”), while “resected prostate cancer tissue specimens” primarily describes the specimen/material rather than a clean anatomical site; Correct type: Specimen (or OrganismPart). Semantically it does include the relevant site term “prostate,” so it is partially aligned with the intended meaning, but it is over-bundled with specimen descriptors and thus not an optimal anatomic-site extraction. Completeness is acceptable in that it conveys the prostate tumor origin, but it is not precise to the requested field.",
PMC7144211,CellPart,urinary EV (uEV),,False,0.0,NO_MATCH,False,False,False,False,False,False,True,False,,False,False,True,"GEval=0.00. No model response was provided to evaluate. As a result, the required checks cannot be performed: there is no assessment of whether the extracted value ""urinary EV (uEV)"" appears in the source context (it does), no discussion of type correctness for the annotation type CellPart against the provided definition, and no hallucination/semantic equivalence/completeness evaluation. With the response absent, it fails alignment with the evaluation steps.",
PMC7144211,CellPart,extracellular vesicles (EV),,False,0.6,SEMANTIC,False,False,False,False,True,True,False,False,,True,True,False,"GEval=1.00. The annotation type CellPart (subcellular compartment/fraction) is appropriate for “extracellular vesicles (EV)”, which refers to a specific cellular-derived vesicular fraction. The extracted value is explicitly present in the source text (“Extracellular vesicles (EV) are increasingly being recognized…”), so it is not hallucinated. Since there is no ground truth provided, correctness is evaluated only against the context, and the value matches the domain meaning used throughout the abstract/methods (EV/uEV fractions). The extraction is also sufficiently complete, capturing both the full term and its abbreviation.",
PMC7144211,CellPart,EV separated from prostate tumour conditioned medium,,False,0.48,SEMANTIC,False,False,False,False,True,True,False,False,,True,True,False,"GEval=0.80. The extracted value is not hallucinated because the phrase “EV separated from prostate tumour conditioned medium” appears verbatim in the ABSTRACT context. The annotation type (CellPart: subcellular compartment/fraction) is largely appropriate since “extracellular vesicles (EV)” describes a biological fraction/compartment-like entity, though the extracted span is somewhat over-specific by bundling the cell part (EV) together with its source (“from prostate tumour conditioned medium”), which reads more like sample provenance than the compartment itself. With no ground-truth expected outputs provided, semantic evaluation is against the source only; the value matches the source meaning and is complete enough to identify the relevant fraction (EV), albeit not normalized to the minimal cell-part term.",
PMC7144211,CleavageAgent,Trypsin/Lys-C mix,Trypsin/Lys-C mix,True,1.0,EXACT,True,False,False,False,False,True,False,False,,True,True,False,Tier 1 -- exact match with GT 'Trypsin/Lys-C mix'.,
PMC7144211,CollisionEnergy,normalized collision energy of 27%,27%,True,0.6,SEMANTIC,False,False,False,False,True,True,False,False,,True,True,False,"GEval=1.00. The annotation type matches the task: the extracted value is a collision energy setting and aligns with the CollisionEnergy definition in context[1]/context[2] (examples include “normalized CE 28%”). The phrase “normalized collision energy of 27%” appears verbatim in context[0] within the LC-MS/MS methods (“fragmented … with a normalized collision energy of 27%”), so it is not a hallucination. Semantically, it matches the expected ground-truth value “27%” exactly, with only additional descriptive wording (“normalized collision energy of”). The extraction is complete enough for this field because it contains the correct numeric value and unit/format (%).",
PMC7144211,Disease,prostate cancer,prostate cancer; benign prostatic hyperplasia,True,1.0,EXACT,True,False,False,False,False,True,False,False,,True,True,False,Tier 1 -- exact match with GT 'prostate cancer'.,
PMC7144211,Disease,benign prostate hyperplasia,prostate cancer; benign prostatic hyperplasia,True,0.65,HIERARCHICAL,False,False,False,True,False,True,False,False,,True,True,False,Tier 4 -- hierarchical match with GT 'prostate cancer'; predicted is more detailed than GT (superset -- complete).,
PMC7144211,Disease,urothelial cancer of the bladder,prostate cancer; benign prostatic hyperplasia,True,0.65,HIERARCHICAL,False,False,False,True,False,True,False,False,,True,True,False,Tier 4 -- hierarchical match with GT 'prostate cancer'; predicted is more detailed than GT (superset -- complete).,
PMC7144211,Disease,renal cell carcinoma,prostate cancer; benign prostatic hyperplasia,True,0.0,NO_MATCH,False,False,False,False,False,False,True,False,,False,False,False,"GEval=0.20. The annotation type is Disease and the extracted value “renal cell carcinoma” is the correct type (no type mismatch). The value is explicitly present in the provided context (patients diagnosed with renal cell carcinoma (RCC)), so it is not a hallucination. However, it is not semantically equivalent to any of the expected ground-truth Disease values, which are limited to “prostate cancer” or “benign prostatic hyperplasia,” so it fails the domain-equivalence check. Completeness is not the main issue here; the key shortcoming is that the extracted disease does not match the allowed expected diseases for this test case.",
PMC7144211,treatment,radical prostatectomy,radical prostatectomy; intensity-modulated radiation therapy,True,1.0,EXACT,True,False,False,False,False,True,False,False,,True,True,False,Tier 1 -- exact match with GT 'radical prostatectomy'.,
PMC7144211,treatment,intensity-modulated radiation therapy,radical prostatectomy; intensity-modulated radiation therapy,True,1.0,EXACT,True,False,False,False,False,True,False,False,,True,True,False,Tier 1 -- exact match with GT 'intensity-modulated radiation therapy'.,
PMC7144211,FractionIdentifier,fractions 4–7,EV-enriched; protein-enriched; THP-enriched,True,0.0,NO_MATCH,False,False,False,False,False,False,True,False,,False,False,False,"GEval=0.20. The annotation type FractionIdentifier is not a type mismatch because the context definition allows fraction labels like “fraction 3”, and “fractions 4–7” functions as a pooled fraction ID. The extracted value is not hallucinated since the abstract/methods explicitly state “EV-containing fractions 4–7 were pooled” (appearing multiple times in the SEC steps). However, it is not semantically equivalent to any expected ground-truth FractionIdentifier values (EV-enriched, protein-enriched, THP-enriched) and is not an unambiguous synonym of those enrichment labels, so it fails the main matching requirement despite being a plausible fraction reference.",
PMC7144211,FractionationMethod,Urine fractionation by bottom-up Optiprep density gradient centrifugation,top-down Optiprep density gradient centrifugation; bottom-up OptiPrep density gradient (ODG),True,0.65,HIERARCHICAL,False,False,False,True,False,True,False,False,,True,True,False,Tier 4 -- hierarchical match with GT 'top-down Optiprep density gradient centrifugation'; predicted is more detailed than GT (superset -- complete).,
PMC7144211,FractionationMethod,size exclusion chromatography (SEC)-based separation of EV from iodixanol,top-down Optiprep density gradient centrifugation; bottom-up OptiPrep density gradient (ODG),True,0.0,NO_MATCH,False,False,False,False,False,False,True,False,,False,False,True,"GEval=0.00. No response was provided to evaluate against the criteria. As a result, none of the required checks (verifying the annotation type FractionationMethod, checking for hallucination by locating the extracted value in the provided context, comparing against the expected ground-truth values such as top-down OptiPrep density gradient centrifugation or bottom-up OptiPrep density gradient (ODG), and assessing completeness) were performed.",
PMC7144211,FractionationMethod,A combination of SEC and top-down ODG,top-down Optiprep density gradient centrifugation; bottom-up OptiPrep density gradient (ODG),True,0.0,NO_MATCH,False,False,False,False,False,False,True,False,,False,False,True,"GEval=0.00. No response content was provided to evaluate against the steps. Without an explicit assessment, there is no type-check discussion (e.g., whether FractionationMethod is correct), no verification that the extracted value appears in context[0] (the text does contain “A combination of SEC and top-down ODG”), and no comparison to the expected ground-truth values (“top-down Optiprep density gradient centrifugation” or “bottom-up OptiPrep density gradient (ODG)”). As a result, the required checks (type mismatch handling with ‘Correct type: X’ if applicable, hallucination check, semantic equivalence, and completeness) are not performed.",
PMC7144211,FragmentationMethod,higher energy collisional dissociation (HCD),higher energy collisional dissociation,True,0.7,HIERARCHICAL,False,False,False,True,False,True,False,False,,True,True,False,Tier 4 -- hierarchical match with GT 'higher energy collisional dissociation'; predicted is more detailed than GT (superset -- complete).,
PMC7144211,GradientTime,a 50-min gradient from 8% to 35% of solvent B,50-min; 5 min,True,0.7,HIERARCHICAL,False,False,False,True,False,True,False,False,,True,True,False,Tier 4 -- hierarchical match with GT '50-min'; predicted is more detailed than GT (superset -- complete).,
PMC7144211,Instrument,Q Exactive HF Hybrid Quadrupole-Orbitrap Mass Spectrometer (Thermo Fisher Scientific),Q Exactive HF Hybrid Quadrupole-Orbitrap Mass Spectrometer,True,0.7,HIERARCHICAL,False,False,False,True,False,True,False,False,,True,True,False,Tier 4 -- hierarchical match with GT 'Q Exactive HF Hybrid Quadrupole-Orbitrap Mass Spectrometer'; predicted is more detailed than GT (superset -- complete).,
PMC7144211,IonizationType,nano‐electrospray ionization,nano-electrospray,True,0.6,SEMANTIC,False,False,False,False,True,True,False,False,,True,True,False,"GEval=1.00. The annotation type is IonizationType, which matches the provided type definition (ionization source type such as nano-ESI). The extracted value “nano‐electrospray ionization” is explicitly present in context[0] in the LC-MS/MS methods (“equipped with a nano‐electrospray ionization source”), so it is not a hallucination. Semantically it matches the expected ground-truth value “nano-electrospray” (same ionization method; the extracted value is just a more explicit phrasing including “ionization”). The extraction is complete enough for this field and does not omit any essential qualifier needed to identify the ionization type.",
PMC7144211,Label,Label-free quantification (LFQ),label-free quantification (LFQ),True,0.9,NORMALIZED,False,True,False,False,False,True,False,False,,True,True,False,Tier 2 -- normalized match with GT 'label-free quantification (LFQ)'.,
PMC7144211,MaterialType,biofluid,,False,0.54,SEMANTIC,False,False,False,False,True,True,False,False,,True,True,False,"GEval=0.90. The annotation type MaterialType matches the provided type definition (“Broad material class (e.g. … ‘biofluid’)”), so there is no type mismatch. The extracted value “biofluid” is explicitly supported by the source text in context[0], which mentions “methods to separate EV from biofluids,” so it is not a hallucination. With no ground truth provided, semantic correctness is evaluated against the text only; “biofluid” is a valid broad class for the described samples (e.g., urine), even if the text also contains a more specific specimen term (“urine”). The extraction is therefore largely complete/acceptable in a lenient sense for the MaterialType field.",
PMC7144211,MaterialType,tissue,,False,0.6,SEMANTIC,False,False,False,False,True,True,False,False,,True,True,False,"GEval=1.00. The annotation type MaterialType is correctly matched to the extracted value “tissue”, which aligns with the provided type definition (broad material class such as “tissue”, “cell line”, “biofluid”), so there is no type mismatch. The value is explicitly supported by the source text in context[0] (e.g., mentions of “prostate cancer tissue samples” and “resected prostate cancer tissue specimens”), so it is not a hallucination. Because there is no ground-truth list to compare against, the key requirement is fidelity to the source text, and “tissue” is a semantically valid and appropriately broad material class for the described samples. Completeness is acceptable under a lenient standard since the extracted value captures a valid material class present in the document even though the paper also includes other material types (e.g., urine/biofluid).",
PMC7144211,Modification,Carbamidomethyl (C),carbamidomethylation (C); oxidation (M); N-terminal acetylation,True,0.0,NO_MATCH,False,False,False,False,False,False,True,False,,False,False,True,"GEval=0.00. No model response was provided to assess against the evaluation steps. Without an actual explanation to check for type validation (Modification), evidence in the context for “Carbamidomethyl (C)”, hallucination, or equivalence to the expected Modification values (carbamidomethylation (C), oxidation (M), N-terminal acetylation), alignment with the required checks and formatting cannot be determined.",
PMC7144211,Modification,oxidation (M),carbamidomethylation (C); oxidation (M); N-terminal acetylation,True,1.0,EXACT,True,False,False,False,False,True,False,False,,True,True,False,Tier 1 -- exact match with GT 'oxidation (M)'.,
PMC7144211,Modification,acetylation of the protein N-terminus,carbamidomethylation (C); oxidation (M); N-terminal acetylation,True,0.65,HIERARCHICAL,False,False,False,True,False,True,False,False,,True,True,False,Tier 4 -- hierarchical match with GT 'N-terminal acetylation'; predicted is more detailed than GT (superset -- complete).,
PMC7144211,NumberOfMissedCleavages,two,two,True,1.0,EXACT,True,False,False,False,False,True,False,False,,True,True,False,Tier 1 -- exact match with GT 'two'.,
PMC7144211,NumberOfTechnicalReplicates,Three,Three repeated runs,True,0.0,NO_MATCH,False,False,False,False,False,False,True,False,,False,False,True,"GEval=0.00. No model response was provided to evaluate. As a result, none of the required checks can be performed (type alignment for NumberOfTechnicalReplicates, verification that the value appears in context[0] such as the phrase 'Three repeated runs per sample', semantic match to the expected 'Three repeated runs', or completeness). With the response absent, the evaluation steps cannot be satisfied.",
PMC7144211,Organism,homo sapiens,Homo sapiens,True,0.9,NORMALIZED,False,True,False,False,False,True,False,False,,True,True,False,Tier 2 -- normalized match with GT 'Homo sapiens'.,
PMC7144211,OrganismPart,urine,urine; resected prostate cancer tissue,True,1.0,EXACT,True,False,False,False,False,True,False,False,,True,True,False,Tier 1 -- exact match with GT 'urine'.,
PMC7144211,OrganismPart,prostate cancer tissue specimens,urine; resected prostate cancer tissue,True,0.65,HIERARCHICAL,False,False,False,True,False,True,False,False,,True,True,False,Tier 4 -- hierarchical match with GT 'resected prostate cancer tissue'; predicted is more detailed than GT (superset -- complete).,
PMC7144211,ReductionReagent,dithiothreitol,DTT,True,0.8,ONTOLOGY,False,False,True,False,False,True,False,False,,True,True,False,Tier 3 -- ontology/abbreviation match with GT 'DTT'.,
PMC7144211,SamplingTime,3 months after local treatment by radical prostatectomy or intensity-modulated radiation therapy,,False,0.6,SEMANTIC,False,False,False,False,True,True,False,False,,True,True,False,"GEval=1.00. The annotation type matches the extracted value: “3 months after local treatment …” is a time point of sample collection, which fits the SamplingTime definition in context[1]/context[2]. The extracted phrase is directly present in context[0] under “Patients and biological sample collection” (“Matched urine samples were collected … and 3 months after local treatment by radical prostatectomy or intensity-modulated radiation therapy”), so it is not a hallucination. With no ground-truth expected outputs provided, the value is evaluated against the source text only and is semantically accurate and specific (includes the relative timing and the reference event). The extraction is also complete enough for SamplingTime, capturing the full timing expression rather than a truncated “3 months.”",
PMC7144211,Separation,"nanoflow HPLC system (Easy-nLC1000, Thermo Fisher Scientific) coupled to a Q Exactive HF Hybrid Quadrupole-Orbitrap Mass Spectrometer (Thermo Fisher Scientific)",,False,0.0,NO_MATCH,False,False,False,False,False,False,True,True,Instrument,False,False,False,"GEval=0.20. The bundled compound+concentration rule is not applicable here because the annotation is Separation, not Compound. The extracted value is present verbatim in the source text (LC-MS/MS section: “loaded on a nanoflow HPLC system (Easy-nLC1000…) coupled to a Q Exactive HF…”), so it is not a hallucination. However, it does not match the Separation type definition in context[1]/context[2], which requires a chromatographic approach or stationary phase/column chemistry (e.g., reverse-phase C18), whereas the value is primarily LC+MS instrument model information and does not describe the stationary phase or LC mode. Correct type: Instrument. Because there is no ground truth to compare against and the value is text-supported but semantically wrong for Separation and incomplete for the required separation-method details, the alignment is weak.",
PMC7144211,Sex,men,male,True,0.6,SEMANTIC,False,False,False,False,True,True,False,False,,True,True,False,"GEval=1.00. The annotation type is Sex, which matches the provided type definition (donor sex such as ""male"" or ""female""), so there is no type mismatch. The extracted value ""men"" is explicitly present in the context (e.g., “Mass spectrometry-based proteomic analysis of urinary EV (uEV) in men...”), so it is not a hallucination. Semantically, ""men"" is an unambiguous equivalent of the expected ground-truth value ""male"" for donor sex, differing only by plural wording, and it captures the required information with sufficient completeness.",
PMC7144211,TumorSite,prostate tumour,,False,0.48,SEMANTIC,False,False,False,False,True,True,False,False,,True,True,False,"GEval=0.80. The annotation type TumorSite matches the provided type definition (“Anatomical site of tumor”), since the extracted value refers to a tumor located in the prostate. The phrase “prostate tumour” is explicitly supported by the source text in context[0] (e.g., “prostate tumour conditioned medium”), so it is not a hallucination. With no ground-truth expected outputs, correctness is judged against the text only; semantically, “prostate tumour” conveys the prostate as the tumor site, though it is slightly less normalized than the simpler site term “prostate.” Overall the extraction is complete enough for the TumorSite field, with only minor wording/normalization issues.",
PMC7144211,Time,MISSING,3 months,True,0.0,NO_MATCH,False,False,False,False,False,False,True,False,,False,False,False,Not extracted -- present in source text or ground truth.,3 months
PMC7294662,AcquisitionMethod,data-dependent auto-MS/MS mode,data-dependent,True,0.7,HIERARCHICAL,False,False,False,True,False,True,False,False,,True,True,False,Tier 4 -- hierarchical match with GT 'data-dependent'; predicted is more detailed than GT (superset -- complete).,
PMC7294662,AlkylationReagent,iodoacetamide,iodoacetamide,True,1.0,EXACT,True,False,False,False,False,True,False,False,,True,True,False,Tier 1 -- exact match with GT 'iodoacetamide'.,
PMC7294662,CellLine,HeLa,HeLa; THP-1,True,1.0,EXACT,True,False,False,False,False,True,False,False,,True,True,False,Tier 1 -- exact match with GT 'HeLa'.,
PMC7294662,CellPart,Pelleted ribosomes,,False,0.6,SEMANTIC,False,False,False,False,True,True,False,False,,True,True,False,"GEval=1.00. The annotation type is CellPart, defined as a subcellular compartment/fraction, and the extracted value “Pelleted ribosomes” fits this definition as a cellular fraction obtained during ribosome isolation, so there is no type mismatch. The value is explicitly present in the source text in the “Polysome and ribosome isolation” section (“Pelleted ribosomes were resuspended…”), so it is not a hallucination. Because there is no ground-truth expected output provided, semantic equivalence is assessed only against the text, where this phrase unambiguously refers to the ribosome pellet fraction and is appropriate as a CellPart. The extraction is also sufficiently complete and specific for the mentioned fraction without needing additional qualifiers.",
PMC7294662,CleavageAgent,LysC,trypsin; LysC,True,1.0,EXACT,True,False,False,False,False,True,False,False,,True,True,False,Tier 1 -- exact match with GT 'LysC'.,
PMC7294662,CleavageAgent,trypsin,trypsin; LysC,True,1.0,EXACT,True,False,False,False,False,True,False,False,,True,True,False,Tier 1 -- exact match with GT 'trypsin'.,
PMC7294662,CollisionEnergy,NCE 28,NCE 28; 23 to 65 eV; 42.0 eV,True,1.0,EXACT,True,False,False,False,False,True,False,False,,True,True,False,Tier 1 -- exact match with GT 'NCE 28'.,
PMC7294662,CollisionEnergy,collision energy ranged from 23 to 65 eV,NCE 28; 23 to 65 eV; 42.0 eV,True,0.7,HIERARCHICAL,False,False,False,True,False,True,False,False,,True,True,False,Tier 4 -- hierarchical match with GT '23 to 65 eV'; predicted is more detailed than GT (superset -- complete).,
PMC7294662,CollisionEnergy,collision energy was 42.0 eV,NCE 28; 23 to 65 eV; 42.0 eV,True,0.7,HIERARCHICAL,False,False,False,True,False,True,False,False,,True,True,False,Tier 4 -- hierarchical match with GT '42.0 eV'; predicted is more detailed than GT (superset -- complete).,
PMC7294662,Compound,human recombinant IFNβ 1000 U/mL,1000	U/mL of human recombinant IFNβ,True,0.7,HIERARCHICAL,False,False,False,True,False,True,False,False,,True,False,False,Tier 4 -- hierarchical match with GT '1000	U/mL of human recombinant IFNβ'; predicted is less specific than GT (subset -- incomplete).,
PMC7294662,EnrichmentMethod,purified using homemade Stop-and-go-extraction tips (StageTips) composed of C18 Empore material (3 M) packed in to 200 μL pipette tips,,False,0.0,NO_MATCH,False,False,False,False,False,False,True,False,,False,False,True,"GEval=0.00. No model response was provided to evaluate. As a result, the required checks cannot be performed: there is no discussion of type alignment for the Actual Output (EnrichmentMethod), no verification that the extracted value appears in context[0] (the StageTips/C18 Empore purification sentence), and no assessment of semantic correctness/completeness given the lack of ground truth.",
PMC7294662,FlowRateChromatogram,flow rate of 50 μL/min,0.5 mL/min; 250 nL/min; 300 nL/min,True,0.0,NO_MATCH,False,False,False,False,False,False,True,False,,False,False,True,"GEval=0.00. No response was provided to evaluate against the steps. Because there is no assessment text, it does not check for type mismatch (FlowRateChromatogram vs other types), does not verify the extracted value “flow rate of 50 μL/min” in context[0], does not compare it semantically to the expected flow rates (0.5 mL/min, 250 nL/min, 300 nL/min), and does not address completeness. As a result, alignment with the required evaluation logic cannot be demonstrated.",
PMC7294662,FlowRateChromatogram,a flow rate of 0.5 mL/min,0.5 mL/min; 250 nL/min; 300 nL/min,True,0.7,HIERARCHICAL,False,False,False,True,False,True,False,False,,True,True,False,Tier 4 -- hierarchical match with GT '0.5 mL/min'; predicted is more detailed than GT (superset -- complete).,
PMC7294662,FlowRateChromatogram,0.25 μL/min flow rate,0.5 mL/min; 250 nL/min; 300 nL/min,True,0.65,HIERARCHICAL,False,False,False,True,False,True,False,False,,True,True,False,Tier 4 -- hierarchical match with GT '0.5 mL/min'; predicted is more detailed than GT (superset -- complete).,
PMC7294662,FlowRateChromatogram,0.35 μL/min flow rate,0.5 mL/min; 250 nL/min; 300 nL/min,True,0.65,HIERARCHICAL,False,False,False,True,False,True,False,False,,True,True,False,Tier 4 -- hierarchical match with GT '0.5 mL/min'; predicted is more detailed than GT (superset -- complete).,
PMC7294662,FractionIdentifier,fractions 6–65,,False,0.54,SEMANTIC,False,False,False,False,True,True,False,False,,True,True,False,"GEval=0.90. The annotation type FractionIdentifier matches the provided type definition (an ID label for each fraction, e.g., “fraction 3”), and the extracted value “fractions 6–65” functions as a clear fraction identifier range rather than a different entity type. The value is explicitly present in the source text in the SEC-PCP-SILAC methods section (“only fractions 6–65 … were submitted for LC-MS/MS”), so it is not a hallucination. With no ground-truth list to compare against, the extraction is semantically consistent with the source and is sufficiently complete/precise for the described fraction subset used in analysis.",
PMC7294662,FractionationMethod,loaded onto a linear 10–50% sucrose gradient,reverse-phase (RP) fractionation on an Agilent 1100 HPLC; size-exclusion chromatography (SEC),True,0.0,NO_MATCH,False,False,False,False,False,False,True,False,,False,False,False,"GEval=0.20. The extracted value “loaded onto a linear 10–50% sucrose gradient” is explicitly present in the provided Methods context (polysome analysis section), so it is not a hallucination. The annotation type FractionationMethod is plausible here because a sucrose gradient is a fractionation approach applied prior to downstream LC–MS/MS, so there is no clear type mismatch. However, it is not semantically equivalent to either expected ground-truth FractionationMethod (“reverse-phase (RP) fractionation on an Agilent 1100 HPLC” or “size-exclusion chromatography (SEC)”), which are different fractionation techniques described elsewhere in the context, so the extraction does not match the target answers despite being a real fractionation step.",
PMC7294662,FractionationMethod,high pH reverse-phase (RP) fractionation on an Agilent 1100 HPLC system,reverse-phase (RP) fractionation on an Agilent 1100 HPLC; size-exclusion chromatography (SEC),True,0.7,HIERARCHICAL,False,False,False,True,False,True,False,False,,True,True,False,Tier 4 -- hierarchical match with GT 'reverse-phase (RP) fractionation on an Agilent 1100 HPLC'; predicted is more detailed than GT (superset -- complete).,
PMC7294662,FractionationMethod,size exclusion chromatography (SEC),reverse-phase (RP) fractionation on an Agilent 1100 HPLC; size-exclusion chromatography (SEC),True,0.9,NORMALIZED,False,True,False,False,False,True,False,False,,True,True,False,Tier 2 -- normalized match with GT 'size-exclusion chromatography (SEC)'.,
PMC7294662,FragmentMassTolerance,"fragment mass accuracy, 0.05 Da",0.05 Da,True,0.7,HIERARCHICAL,False,False,False,True,False,True,False,False,,True,True,False,Tier 4 -- hierarchical match with GT '0.05 Da'; predicted is more detailed than GT (superset -- complete).,
PMC7294662,FragmentationMethod,HCD,HCD,True,1.0,EXACT,True,False,False,False,False,True,False,False,,True,True,False,Tier 1 -- exact match with GT 'HCD'.,
PMC7294662,GradientTime,over 180 min,180 min; 90 min; 60 min; 2 min; 13 min,True,0.7,HIERARCHICAL,False,False,False,True,False,True,False,False,,True,True,False,Tier 4 -- hierarchical match with GT '180 min'; predicted is more detailed than GT (superset -- complete).,
PMC7294662,GradientTime,Standard 90-min gradients,180 min; 90 min; 60 min; 2 min; 13 min,True,0.7,HIERARCHICAL,False,False,False,True,False,True,False,False,,True,True,False,Tier 4 -- hierarchical match with GT '90 min'; predicted is more detailed than GT (superset -- complete).,
PMC7294662,GradientTime,from 5% B to 15% B over 60 min,180 min; 90 min; 60 min; 2 min; 13 min,True,0.7,HIERARCHICAL,False,False,False,True,False,True,False,False,,True,True,False,Tier 4 -- hierarchical match with GT '60 min'; predicted is more detailed than GT (superset -- complete).,
PMC7294662,Instrument,Q-Exactive mass spectrometer (Thermo Fisher),Q-Exactive mass spectrometer (Thermo Fisher); timsTOF trapped ion mobility quadrupole time of flight mass spectrometer,True,1.0,EXACT,True,False,False,False,False,True,False,False,,True,True,False,Tier 1 -- exact match with GT 'Q-Exactive mass spectrometer (Thermo Fisher)'.,
PMC7294662,Instrument,Impact II; Bruker Daltonics,Q-Exactive mass spectrometer (Thermo Fisher); timsTOF trapped ion mobility quadrupole time of flight mass spectrometer,True,0.0,NO_MATCH,False,False,False,False,False,False,True,False,,False,False,False,"GEval=0.20. The annotation type is Instrument and the extracted value “Impact II; Bruker Daltonics” is a valid mass spectrometer make/model, so there is no type mismatch. The value is also explicitly present in context[0] (""quadrupole time of flight mass spectrometer (Impact II; Bruker Daltonics)""), so it is not a hallucination. However, it is not semantically equivalent to any of the expected Instrument ground-truth values (""Q-Exactive mass spectrometer (Thermo Fisher)"" or ""timsTOF trapped ion mobility quadrupole time of flight mass spectrometer""), since Impact II is a different instrument than either Q-Exactive or timsTOF. Therefore the extraction is grounded but does not match the provided expected outputs.",
PMC7294662,Instrument,timsTOF Pro; Bruker Daltonics,Q-Exactive mass spectrometer (Thermo Fisher); timsTOF trapped ion mobility quadrupole time of flight mass spectrometer,True,0.6,SEMANTIC,False,False,False,False,True,True,False,False,,True,True,False,"GEval=1.00. The annotation type is Instrument, which per the provided definition requires a mass spectrometer make/model (not an LC system), and the extracted value “timsTOF Pro; Bruker Daltonics” fits that type with no type mismatch. The value is explicitly present in the Methods context as “timsTOF … (timsTOF Pro; Bruker Daltonics)”, so it is not a hallucination. Semantically, it matches the expected ground truth option “timsTOF trapped ion mobility quadrupole time of flight mass spectrometer” by naming the same instrument family/model (timsTOF Pro) and manufacturer, making it a valid equivalent mention. Completeness is sufficient for Instrument since the key identifying make/model is included even if the full descriptive expansion is omitted.",
PMC7294662,IonizationType,Captive spray nanospray ionization source (Bruker Daltonics),,False,0.6,SEMANTIC,False,False,False,False,True,True,False,False,,True,True,False,"GEval=1.00. The extracted value matches the requested IonizationType definition (an ionization source type) and is not a compound/concentration case, so the bundled compound+concentration rule is not applicable. There is no type mismatch because “Captive spray nanospray ionization source (Bruker Daltonics)” is an ionization source description consistent with IonizationType (context[1]/[2]). The value is explicitly present in the source text in the LC–MS/MS methods section (“…a Captive spray nanospray ionization source (Bruker Daltonics)…”), so it is not a hallucination. With no ground-truth expected outputs provided, the response is evaluated against the source only and is semantically complete as an ionization source identification, even if it includes the vendor in parentheses.",
PMC7294662,Label,SILAC,"SILAC; “light” (“L”)-labeled cells, L-arginine (84 mg/L) and L-lysine (146 mg/L); “medium” (“M”)-labeled cells, 13C6-L-arginine (87 mg/L) and D4-Llysine (150 mg/L); “heavy” (“H”)-labeled cells, 13C6 15N4-L-arginine (89 mg/L) and 13C6 15N2-L-lysine (154 mg/L); label-free quantitation (LFQ)",True,1.0,EXACT,True,False,False,False,False,True,False,False,,True,True,False,Tier 1 -- exact match with GT 'SILAC'.,
PMC7294662,Label,label-free quantitation (LFQ),"SILAC; “light” (“L”)-labeled cells, L-arginine (84 mg/L) and L-lysine (146 mg/L); “medium” (“M”)-labeled cells, 13C6-L-arginine (87 mg/L) and D4-Llysine (150 mg/L); “heavy” (“H”)-labeled cells, 13C6 15N4-L-arginine (89 mg/L) and 13C6 15N2-L-lysine (154 mg/L); label-free quantitation (LFQ)",True,1.0,EXACT,True,False,False,False,False,True,False,False,,True,True,False,Tier 1 -- exact match with GT 'label-free quantitation (LFQ)'.,
PMC7294662,MaterialType,cell line,cells,True,0.36,SEMANTIC,False,False,False,False,True,True,False,False,,True,False,False,"GEval=0.60. The annotation type MaterialType is appropriate for a broad class like “cell line” per the provided type definitions, so there is no type mismatch. The extracted value is not explicitly present verbatim in context[0], but it is supported indirectly by unambiguous evidence that the experiments use named immortalized cell lines (“HeLa cells”, “THP-1 cells”), which justifies the general material category. However, against the expected ground truth for MaterialType (“cells”), “cell line” is only partially semantically aligned: it is a narrower/shifted class compared to the broader “cells” label, so it does not match as cleanly as the expected value would. Overall it is plausible and mostly correct but not an exact ground-truth match.",
PMC7294662,Modification,carbamidomethyl,carbamidomethylation; oxidation (methionine); deamidation (NQ); N-acetylation (protein N-terminus),True,0.7,HIERARCHICAL,False,False,False,True,False,True,False,False,,True,False,False,Tier 4 -- hierarchical match with GT 'carbamidomethylation'; predicted is less specific than GT (subset -- incomplete).,
PMC7294662,Modification,methionine oxidation,carbamidomethylation; oxidation (methionine); deamidation (NQ); N-acetylation (protein N-terminus),True,0.65,HIERARCHICAL,False,False,False,True,False,True,False,False,,True,True,False,Tier 4 -- hierarchical match with GT 'oxidation (methionine)'; predicted is more detailed than GT (superset -- complete).,
PMC7294662,Modification,deamidation (NQ),carbamidomethylation; oxidation (methionine); deamidation (NQ); N-acetylation (protein N-terminus),True,1.0,EXACT,True,False,False,False,False,True,False,False,,True,True,False,Tier 1 -- exact match with GT 'deamidation (NQ)'.,
PMC7294662,Modification,N-acetylation (protein N-terminus),carbamidomethylation; oxidation (methionine); deamidation (NQ); N-acetylation (protein N-terminus),True,1.0,EXACT,True,False,False,False,False,True,False,False,,True,True,False,Tier 1 -- exact match with GT 'N-acetylation (protein N-terminus)'.,
PMC7294662,NumberOfBiologicalReplicates,3,3; three replicates,True,1.0,EXACT,True,False,False,False,False,True,False,False,,True,True,False,Tier 1 -- exact match with GT '3'.,
PMC7294662,NumberOfFractions,80 fractions,,False,0.6,SEMANTIC,False,False,False,False,True,True,False,False,,True,True,False,"GEval=1.00. The annotation type matches the schema: NumberOfFractions is defined as the total count of fractions generated per sample, and the extracted value is a numeric count (“80 fractions”), so there is no type mismatch. The value is explicitly present in the source text in the SEC-PCP-SILAC methods (“Samples were collected into 80 fractions…”), so it is not a hallucination. With no ground-truth list provided, correctness is judged against the text only, and “80 fractions” is semantically identical to the stated fraction count. The extraction is also sufficiently complete/precise for this field, capturing the required count (80) with an appropriate unit indicator (fractions).",
PMC7294662,Organism,Homo sapiens,Homo sapiens,True,1.0,EXACT,True,False,False,False,False,True,False,False,,True,True,False,Tier 1 -- exact match with GT 'Homo sapiens'.,
PMC7294662,PooledSample,pooled,,False,0.48,SEMANTIC,False,False,False,False,True,True,False,False,,True,True,False,"GEval=0.80. The annotation type PooledSample is appropriate because the source text explicitly mentions pooling (e.g., “Cells of the same SILAC label were pooled” and “fractions 6–65 were pooled”), so the extracted value is not a hallucination and is supported by context[0]. There is no type mismatch since the value is expressing whether pooling occurred, which matches the PooledSample definition in context[1]/context[2]. Semantically, even though there is no ground-truth list to match against, “pooled” correctly captures that samples/material were combined; however, it is not very specific (it does not indicate what was pooled or which replicates/fractions), so completeness is only partial but still acceptable under a lenient standard.",
PMC7294662,PrecursorMassTolerance,"peptide mass accuracy, 20 ppm (ppm) for first search, 10 ppm for second search",10 ppm,True,0.7,HIERARCHICAL,False,False,False,True,False,True,False,False,,True,True,False,Tier 4 -- hierarchical match with GT '10 ppm'; predicted is more detailed than GT (superset -- complete).,
PMC7294662,ReductionReagent,DTT,dithiothreitol,True,0.8,ONTOLOGY,False,False,True,False,False,True,False,False,,True,True,False,Tier 3 -- ontology/abbreviation match with GT 'dithiothreitol'.,
PMC7294662,Separation,Easy nano LC 1000 nanoflow HPLC (Thermo Fisher) on-line coupled to a Q-Exactive mass spectrometer (Thermo Fisher),,False,0.0,NO_MATCH,False,False,False,False,False,False,True,False,,False,False,False,"GEval=0.30. The extracted value is present verbatim in the source text (""Purified peptides were analyzed using an Easy nano LC 1000 nanoflow HPLC... on-line coupled to a Q-Exactive""), so it is not a hallucination. The annotation type is not a mismatch in the strict sense (it is related to LC separation), but per context[1]/context[2] the Separation field must describe the chromatographic approach or stationary phase/column chemistry (e.g., reverse-phase C18/RPLC/ReproSil-Pur C18-AQ), and instrument model names alone are explicitly not valid. This extracted span is dominated by instrument coupling/model information and does not specify the separation chemistry/mode, so it is semantically inadequate for the Separation definition and incomplete with respect to the required separation-method details.",
PMC7294662,SpikedCompound,light reference mixture,,False,0.6,SEMANTIC,False,False,False,False,True,True,False,False,,True,True,False,"GEval=1.00. The annotation type SpikedCompound matches the type definition (an exogenous standard/spike-in), and the extracted value is supported by the source text: the methods explicitly state “To generate the light reference mixture… [fractions] were pooled and spiked equally into each of the corresponding medium/heavy fractions,” indicating it is a spike-in/internal standard. The value (""light reference mixture"") is present verbatim in context[0], so it is not a hallucination. Since there is no ground truth list, the extraction is evaluated against the text only and is semantically appropriate for a spiked standard; the entry is also sufficiently complete for this field.",
PMC7294662,Temperature,37 °C,,False,0.0,NO_MATCH,False,False,False,False,False,False,True,False,,False,False,True,"GEval=0.00. No model response was provided to evaluate. As a result, none of the required checks can be performed: the annotation type (Temperature) cannot be assessed against the type definitions in context[1]/context[2], the extracted value “37 °C” cannot be verified for presence in context[0] (hallucination check), and semantic equivalence/completeness cannot be judged given there is no evaluation text to score.",
PMC7294662,Time,4 h,4 h; 24 h,True,0.9,NORMALIZED,False,True,False,False,False,True,False,False,,True,True,False,Tier 2 -- normalized match with GT '4 h'.,
PMC7294662,Time,24 h,4 h; 24 h,True,0.9,NORMALIZED,False,True,False,False,False,True,False,False,,True,True,False,Tier 2 -- normalized match with GT '24 h'.,
PMC7294662,Treatment,IFNβ stimulation,stimulated; unstimulated,True,0.54,SEMANTIC,False,False,False,False,True,True,False,False,,True,True,False,"GEval=0.90. The annotation type is Treatment, which matches the task definition (experimental treatment such as a stimulation), so there is no type mismatch. The extracted value “IFNβ stimulation” is explicitly present in the provided context (e.g., the METHODS section header “Cell culture and IFNβ stimulation” and repeated mentions of “IFNβ-stimulated”), so it is not a hallucination. Semantically, “IFNβ stimulation” corresponds to the ground-truth treatment state “stimulated” (one of the allowed expected outputs), though it is more specific than the generic label because it names the stimulant (IFNβ). Completeness is acceptable because the expected output is a binary stimulated/unstimulated label and the extracted value clearly indicates the stimulated condition without missing essential meaning.",
PMC7367873,AcquisitionMethod,data-dependent acquisition,data-dependent acquisition,True,1.0,EXACT,True,False,False,False,False,True,False,False,,True,True,False,Tier 1 -- exact match with GT 'data-dependent acquisition'.,
PMC7367873,AlkylationReagent,chloroacetamide,chloroacetamide,True,1.0,EXACT,True,False,False,False,False,True,False,False,,True,True,False,Tier 1 -- exact match with GT 'chloroacetamide'.,
PMC7367873,CellLine,HeLa Kyoto,HeLa Kyoto,True,1.0,EXACT,True,False,False,False,False,True,False,False,,True,True,False,Tier 1 -- exact match with GT 'HeLa Kyoto'.,
PMC7367873,CleavageAgent,Trypsin/P,trypsin,True,0.7,HIERARCHICAL,False,False,False,True,False,True,False,False,,True,True,False,Tier 4 -- hierarchical match with GT 'trypsin'; predicted is more detailed than GT (superset -- complete).,
PMC7367873,CollisionEnergy,normalized collision energy was 32,30%; 32; 35%; 55,True,0.6,SEMANTIC,False,False,False,False,True,True,False,False,,True,True,False,"GEval=1.00. The annotation type CollisionEnergy matches the provided type definition (collision energy in MS/MS). There is no type mismatch. The extracted value “normalized collision energy was 32” is explicitly present in the context in the LC-MS/MS methods sentence “(normalized collision energy was 32)”, so it is not a hallucination. Semantically, it matches the expected ground-truth value “32” (the added words are just surrounding phrasing, but the collision energy value is the same), and completeness is sufficient since the key parameter (32) is captured even without a percent sign.",
PMC7367873,CollisionEnergy,35% normalized collision energy (NCE),30%; 32; 35%; 55,True,0.6,SEMANTIC,False,False,False,False,True,True,False,False,,True,True,False,"GEval=1.00. The annotation type CollisionEnergy matches the type definition in context[1] (collision energy in MS/MS), so there is no type mismatch. The extracted value “35% normalized collision energy (NCE)” is explicitly present in context[0] in the Fusion Lumos CID settings (“using 35% normalized collision energy (NCE)”), so it is not a hallucination. Semantically, this directly matches one of the expected ground-truth CollisionEnergy values (35%), with the added wording (“normalized collision energy (NCE)”) being consistent context and not changing the value. The extraction is complete enough for this field because it captures the collision energy magnitude and unit/format (percent NCE) clearly.",
PMC7367873,CollisionEnergy,55% NCE,30%; 32; 35%; 55,True,0.0,NO_MATCH,False,False,False,False,False,False,True,False,,False,False,True,"GEval=0.00. No evaluator response was provided to assess against the steps. As a result, the required checks (type mismatch handling for the CollisionEnergy type, verifying the extracted value “55% NCE” appears in context, and semantic equivalence to the expected values including “55”) were not performed or documented, so alignment with the evaluation procedure cannot be established.",
PMC7367873,CollisionEnergy,30% normalized collision energy (NCE),30%; 32; 35%; 55,True,0.6,SEMANTIC,False,False,False,False,True,True,False,False,,True,True,False,"GEval=1.00. The annotation type CollisionEnergy matches the type definition in context[1] (collision energy values like normalized CE percentages). The extracted value “30% normalized collision energy (NCE)” is explicitly present in context[0] in the LC-MS/MS method description (“fragmented ... using 30% normalized collision energy (NCE)”), so it is not a hallucination. Semantically it matches an expected ground-truth value (30%) exactly, with the added wording “normalized collision energy (NCE)” being consistent and not altering the value. The extraction is sufficiently complete and appropriately formatted as a collision energy setting.",
PMC7367873,Compound,20 nM Calyculin A,,False,0.6,SEMANTIC,False,False,False,False,True,True,False,False,,True,True,False,"GEval=1.00. The annotation type is Compound and the extracted value “20 nM Calyculin A” correctly bundles a chemical name with its concentration, which is explicitly allowed by the bundled compound+concentration rule and the provided Compound type definition (so it should not be flagged as ConcentrationOfCompound or a type mismatch). The exact phrase appears in the source text multiple times (e.g., “HeLa Kyoto cells were incubated with 20 nM Calyculin A ...”), so it is present in context[0] and not a hallucination. Since there is no ground truth list, evaluation is against the source only, and the extracted value is semantically exact and complete for the compound mention.",
PMC7367873,Compound,1 µM recombinant phosphatase,,False,0.0,NO_MATCH,False,False,False,False,False,False,True,False,,False,False,True,"GEval=0.00. No response was provided to evaluate against the stated steps. As a result, the required checks (verifying the bundled compound+concentration rule for a Compound annotation, confirming the extracted value appears in context[0], assessing hallucination vs. source text, and discussing type match vs. mismatch with 'Correct type: X' when applicable) were not performed.",
PMC7367873,Compound,EGF 100 ng/mL,,False,0.6,SEMANTIC,False,False,False,False,True,True,False,False,,True,True,False,"GEval=1.00. The annotation type Compound is appropriate because the extracted value contains a chemical name plus its dose (“EGF 100 ng/mL”), which is explicitly permitted by the bundled compound+concentration rule and the provided Compound type definition (it may include a concentration prefix/suffix). The value is not hallucinated: context[0] clearly mentions EGF at a final concentration of 100 ng/mL (“resulting in final concentrations of 100 ng/mL for EGF”). With no ground-truth expected outputs, the extracted value is semantically consistent with the source text despite minor word-order differences (source has concentration then compound), and it is sufficiently complete because it includes both the compound identity and the concentration.",
PMC7367873,Compound,PDP(m)-Nal 50 µM,,False,0.0,NO_MATCH,False,False,False,False,False,False,True,False,,False,False,True,"GEval=0.00. No model response was provided to evaluate against the steps. Without an evaluation paragraph, it’s impossible to verify required checks such as confirming the Compound type under the bundled compound+concentration rule (e.g., “PDP(m)-Nal 50 µM”), locating the extracted value in the source context (it does appear in the “Cells were treated…150 µM PDP(m)-Nal…final…50 µM” sentence), or assessing hallucination/type mismatch/completeness criteria.",
PMC7367873,EnrichmentMethod,Phosphopeptides were enriched from the desalted and labeled digests (approximately 1.5 mg) using Fe-IMAC,Fe-IMAC; phosphopeptide enrichment,True,0.7,HIERARCHICAL,False,False,False,True,False,True,False,False,,True,True,False,Tier 4 -- hierarchical match with GT 'Fe-IMAC'; predicted is more detailed than GT (superset -- complete).,
PMC7367873,EnrichmentMethod,immunoprecipitation using α-GFP nanobodies covalently coupled to agarose beads,Fe-IMAC; phosphopeptide enrichment,True,0.0,NO_MATCH,False,False,False,False,False,False,True,False,,False,False,False,"GEval=0.20. The annotation type is EnrichmentMethod and the extracted value (“immunoprecipitation using α-GFP nanobodies covalently coupled to agarose beads”) is indeed an enrichment protocol, so there is no type mismatch. The phrase is explicitly present in the provided context (Co-IP methods section), so it is not a hallucination. However, it is not semantically equivalent to any of the expected EnrichmentMethod ground truths (“Fe-IMAC” or “phosphopeptide enrichment”); those refer to phosphopeptide enrichment (and Fe-IMAC is also stated in the context), whereas the extracted value describes GFP pull-down immunoprecipitation. Therefore the extraction does not match the expected output.",
PMC7367873,FlowRateChromatogram,0.3 µL/min,300 nL/min; 5 µL/min; 0.3 µL/min; 30 µL/min,True,0.9,NORMALIZED,False,True,False,False,False,True,False,False,,True,True,False,Tier 2 -- normalized match with GT '0.3 µL/min'.,
PMC7367873,FlowRateChromatogram,5 µL/min,300 nL/min; 5 µL/min; 0.3 µL/min; 30 µL/min,True,0.9,NORMALIZED,False,True,False,False,False,True,False,False,,True,True,False,Tier 2 -- normalized match with GT '5 µL/min'.,
PMC7367873,FlowRateChromatogram,30 µL/min,300 nL/min; 5 µL/min; 0.3 µL/min; 30 µL/min,True,0.9,NORMALIZED,False,True,False,False,False,True,False,False,,True,True,False,Tier 2 -- normalized match with GT '30 µL/min'.,
PMC7367873,FractionIdentifier,The 5 and 50% ACN fractions,,False,0.54,SEMANTIC,False,False,False,False,True,True,False,False,,True,True,False,"GEval=0.90. The annotation type FractionIdentifier is appropriate because the source text explicitly describes fraction labels as “The 5 and 50% ACN fractions,” which function as identifiers for specific collected fractions in the high-pH RP tip fractionation workflow. The extracted value is present verbatim in the provided context (so it is not hallucinated), and there is no ground truth list to conflict with. While the phrase bundles two fraction identifiers together and includes a leading article (“The”), it still unambiguously denotes the fraction IDs used in the method, so it is semantically correct and acceptably complete under a lenient completeness check.",
PMC7367873,FractionationMethod,SEC,high-pH reversed-phase tip fractionation,True,0.0,NO_MATCH,False,False,False,False,False,False,True,False,,False,False,False,"GEval=0.20. The annotation type FractionationMethod is not a type mismatch because SEC (size-exclusion chromatography) can function as an off-line fractionation/purification step, and SEC is explicitly present in context[0] (e.g., “subjecting samples to SEC” and “Library purification using SEC”), so it is not a hallucination. However, it is not semantically equivalent to the expected ground-truth fractionation method, which is specifically “high-pH reversed-phase tip fractionation” (also present in context[0] as “High-pH RP tip fractionation”), and SEC is a different chromatographic approach than high-pH reverse-phase tip fractionation. The extracted value is therefore materially incorrect relative to the expected output, despite being a plausible method mentioned in the paper.",
PMC7367873,FractionationMethod,High-pH RP tip fractionation,high-pH reversed-phase tip fractionation,True,0.65,HIERARCHICAL,False,False,False,True,False,True,False,False,,True,False,False,Tier 4 -- hierarchical match with GT 'high-pH reversed-phase tip fractionation'; predicted is less specific than GT (subset -- incomplete).,
PMC7367873,FragmentMassTolerance,0.05 Da for MS/MS tolerance,0.05 Da,True,0.7,HIERARCHICAL,False,False,False,True,False,True,False,False,,True,True,False,Tier 4 -- hierarchical match with GT '0.05 Da'; predicted is more detailed than GT (superset -- complete).,
PMC7367873,FragmentationMethod,collision-induced dissociation (CID),collision induced dissociation (CID); higher-energy collision-induced dissociation (HCD),True,0.9,NORMALIZED,False,True,False,False,False,True,False,False,,True,True,False,Tier 2 -- normalized match with GT 'collision induced dissociation (CID)'.,
PMC7367873,FragmentationMethod,higher-energy collision-induced dissociation (HCD),collision induced dissociation (CID); higher-energy collision-induced dissociation (HCD),True,1.0,EXACT,True,False,False,False,False,True,False,False,,True,True,False,Tier 1 -- exact match with GT 'higher-energy collision-induced dissociation (HCD)'.,
PMC7367873,GeneticModification,pCMV-GAB2-3Flag,,False,0.6,SEMANTIC,False,False,False,False,True,True,False,False,,True,True,False,"GEval=1.00. The annotation type GeneticModification is appropriate because the extracted value ""pCMV-GAB2-3Flag"" is a plasmid/tagging construct, matching the provided type definition for genetic alterations/tagged constructs. The value is explicitly present in the source text under “Plasmids and cloning” (“For pCMV-GAB2-3Flag...”), so it is not a hallucination. With no ground-truth list to match against, the extracted value is semantically correct as a specific genetic construct name used in the methods, and it is sufficiently complete as-is (the exact construct identifier, including the 3Flag tag, is captured).",
PMC7367873,GeneticModification,pTXB1-His-TEV-PP1α-intein,,False,0.6,SEMANTIC,False,False,False,False,True,True,False,False,,True,True,False,"GEval=1.00. The extracted value “pTXB1-His-TEV-PP1α-intein” is explicitly present in the source text under “Recombinant protein expression” (“pTXB1-His-TEV-PP1α-intein was expressed…”), so it is not a hallucination. The annotation type GeneticModification is appropriate per the provided definition because this is a plasmid/construct encoding tagged PP1α (His tag, TEV site, intein fusion), which constitutes a genetic/construct modification rather than a chemical compound or other entity type. There is no ground-truth list to compare against, but semantically this value matches the construct described in the methods, and the extraction is sufficiently complete and specific (it captures the full construct name as written, including tag and fusion components).",
PMC7367873,GradientTime,120 min analysis time,60 min; 90 min,True,0.0,NO_MATCH,False,False,False,False,False,False,True,False,,False,False,True,"GEval=0.00. No model response was provided to evaluate against the steps. As a result, none of the required checks (verifying the annotation type GradientTime, confirming the extracted value appears in context[0] (it does: ""120 min analysis time""), and comparing it to the expected GradientTime values (60 min or 90 min, which it does not match)) were performed or documented, so the output cannot be assessed for alignment.",
PMC7367873,GradientTime,a 90 min linear gradient from 4% to 32% LC solvent B,60 min; 90 min,True,0.7,HIERARCHICAL,False,False,False,True,False,True,False,False,,True,True,False,Tier 4 -- hierarchical match with GT '90 min'; predicted is more detailed than GT (superset -- complete).,
PMC7367873,GradientTime,a 60 min linear gradient from 4% to 32% LC solvent B,60 min; 90 min,True,0.7,HIERARCHICAL,False,False,False,True,False,True,False,False,,True,True,False,Tier 4 -- hierarchical match with GT '60 min'; predicted is more detailed than GT (superset -- complete).,
PMC7367873,Instrument,Q Exactive Plus mass spectrometer (Thermo Fisher Scientific),Fusion Lumos; Q Exactive Plus,True,0.7,HIERARCHICAL,False,False,False,True,False,True,False,False,,True,True,False,Tier 4 -- hierarchical match with GT 'Q Exactive Plus'; predicted is more detailed than GT (superset -- complete).,
PMC7367873,Instrument,Fusion Lumos Tribrid mass spectrometer (Thermo Fisher Scientific),Fusion Lumos; Q Exactive Plus,True,0.7,HIERARCHICAL,False,False,False,True,False,True,False,False,,True,True,False,Tier 4 -- hierarchical match with GT 'Fusion Lumos'; predicted is more detailed than GT (superset -- complete).,
PMC7367873,IonizationType,Nanospray-Flex ion source,nano-electrospray ionization source,True,0.54,SEMANTIC,False,False,False,False,True,True,False,False,,True,True,False,"GEval=0.90. The annotation type is IonizationType, and the extracted value “Nanospray-Flex ion source” is an ionization source description, so there is no type mismatch. The value is explicitly present in context[0] in the methods section describing the LC-MS setup (“using a Nanospray-Flex ion source”), so it is not a hallucination. Semantically, a Nanospray-Flex ion source is a specific implementation of a nano-electrospray (nano-ESI) source, which is equivalent in meaning to the expected ground truth “nano-electrospray ionization source.” The extraction is sufficiently complete for the requested field even though it uses the vendor/model name rather than the generic term.",
PMC7367873,Label,TMT-6plex,label-free; TMT-6plex,True,1.0,EXACT,True,False,False,False,False,True,False,False,,True,True,False,Tier 1 -- exact match with GT 'TMT-6plex'.,
PMC7367873,Label,LFQ,label-free; TMT-6plex,True,0.6,SEMANTIC,False,False,False,False,True,True,False,False,,True,True,False,"GEval=1.00. The annotation type is Label, which matches the type definition in context[1]/context[2] (labels include representations like “label-free” and related method names). The extracted value “LFQ” is explicitly present in context[0] (e.g., “Peptide and protein identification and LFQ were performed…”), so it is not a hallucination. Semantically, LFQ (label-free quantification) is a domain-standard equivalent of the expected ground-truth label “label-free,” satisfying the required match against expected outputs (it does not need to match “TMT-6plex” since any one expected value is sufficient). The value is also sufficiently complete for the Label field given the lenient completeness requirement.",
PMC7367873,MaterialType,cell line,cell line,True,1.0,EXACT,True,False,False,False,False,True,False,False,,True,True,False,Tier 1 -- exact match with GT 'cell line'.,
PMC7367873,Modification,"phosphorylation on S, T, and Y",phosphorylation; oxidation (M); carbamidomethylation; N-terminal acetylation,True,0.7,HIERARCHICAL,False,False,False,True,False,True,False,False,,True,True,False,Tier 4 -- hierarchical match with GT 'phosphorylation'; predicted is more detailed than GT (superset -- complete).,
PMC7367873,Modification,Oxidation of methionine,phosphorylation; oxidation (M); carbamidomethylation; N-terminal acetylation,True,0.65,HIERARCHICAL,False,False,False,True,False,True,False,False,,True,True,False,Tier 4 -- hierarchical match with GT 'oxidation (M)'; predicted is more detailed than GT (superset -- complete).,
PMC7367873,Modification,N-terminal protein acetylation,phosphorylation; oxidation (M); carbamidomethylation; N-terminal acetylation,True,0.65,HIERARCHICAL,False,False,False,True,False,True,False,False,,True,True,False,Tier 4 -- hierarchical match with GT 'N-terminal acetylation'; predicted is more detailed than GT (superset -- complete).,
PMC7367873,Modification,Carbamidomethylation on cysteines,phosphorylation; oxidation (M); carbamidomethylation; N-terminal acetylation,True,0.7,HIERARCHICAL,False,False,False,True,False,True,False,False,,True,True,False,Tier 4 -- hierarchical match with GT 'carbamidomethylation'; predicted is more detailed than GT (superset -- complete).,
PMC7367873,NumberOfBiologicalReplicates,3,three independent replicates,True,0.0,NO_MATCH,False,False,False,False,False,False,True,False,,False,False,True,"GEval=0.00. No response was provided to evaluate, so none of the required checks were performed. The evaluator did not assess whether the annotation type matches (NumberOfBiologicalReplicates), did not verify the extracted value against context[0] (e.g., the phrase indicating three independent replicates), did not compare semantic equivalence to the expected output (“three independent replicates” vs numeric 3), and did not comment on completeness. Because the required evaluation logic is entirely absent, the output cannot be aligned with the specified steps.",
PMC7367873,NumberOfFractions,a total of four fractions,,False,0.6,SEMANTIC,False,False,False,False,True,True,False,False,,True,True,False,"GEval=1.00. The annotation type matches the schema: NumberOfFractions is defined as the total count of fractions generated per sample, and the extracted value (“a total of four fractions”) expresses that count. The value is explicitly supported by the source text in context[0], which states that pooling/combining the fractions resulted in “a total of four fractions,” so this is not a hallucination. With no ground-truth list provided, evaluation is against the source only, and semantically the extracted phrase correctly captures the fraction count (4) without adding unsupported details. The extraction is also sufficiently complete and specific for the requested field.",
PMC7367873,NumberOfMissedCleavages,6,,False,0.0,NO_MATCH,False,False,False,False,False,False,True,False,,False,False,True,"GEval=0.00. No model response was provided to evaluate. As a result, the required checks in the evaluation steps (verifying the annotation type NumberOfMissedCleavages against the type definition, confirming the value ""6"" appears in the source text as ""missed cleavages 6"", assessing hallucination, and commenting on semantic equivalence/completeness) were not performed or documented.",
PMC7367873,NumberOfMissedCleavages,two,,False,0.48,SEMANTIC,False,False,False,False,True,True,False,False,,True,True,False,"GEval=0.80. The annotation type matches the extracted content (NumberOfMissedCleavages is a missed-cleavage limit, and the value is a number expressed in words, so there is no type mismatch). The extracted value is present in the source text: the Methods section states trypsin was used with “up to two allowed missed cleavage sites,” so this is not a hallucination. Semantically, “two” is equivalent to the numeric value expected for this field. However, the paper also contains a different missed-cleavage setting (“missed cleavages 6” in Mascot search parameters), so selecting “two” is plausible but somewhat ambiguous across workflows, and the value is not normalized to the typical numeric form (e.g., ""2""), which slightly reduces alignment.",
PMC7367873,NumberOfTechnicalReplicates,two technical data points,,False,0.0,NO_MATCH,False,False,False,False,False,False,True,False,,False,False,True,"GEval=0.00. No response was provided to evaluate against the criteria. As a result, the required checks (type match for NumberOfTechnicalReplicates, verification that the extracted value appears in context[0] such as the phrase 'two technical data points each', hallucination assessment, and a paragraph covering these checks) cannot be performed.",
PMC7367873,Organism,Homo sapiens,Homo sapiens,True,1.0,EXACT,True,False,False,False,False,True,False,False,,True,True,False,Tier 1 -- exact match with GT 'Homo sapiens'.,
PMC7367873,PooledSample,pooled,,False,0.48,SEMANTIC,False,False,False,False,True,True,False,False,,True,True,False,"GEval=0.80. The annotation type PooledSample is appropriate for the extracted value because the methods section explicitly includes a TMT channel labeled “130—pooled sample, not included in analysis,” indicating a pooled sample was used, so the value is present in the source text and not a hallucination. There is no type mismatch here (the mention refers to pooling status), and since the expected output provides no ground truth, the main check is support in context[0], which is satisfied by the “pooled sample” phrase. Semantically, extracting only “pooled” captures the pooling concept but is slightly incomplete compared with the clearer span “pooled sample,” so the extraction is mostly correct but not maximally specific.",
PMC7367873,PrecursorMassTolerance,peptide tolerance 10 ppm,10 ppm,True,0.7,HIERARCHICAL,False,False,False,True,False,True,False,False,,True,True,False,Tier 4 -- hierarchical match with GT '10 ppm'; predicted is more detailed than GT (superset -- complete).,
PMC7367873,ReductionReagent,dithiothreitol,DTT (dithiothreitol),True,0.7,HIERARCHICAL,False,False,False,True,False,True,False,False,,True,False,False,Tier 4 -- hierarchical match with GT 'DTT (dithiothreitol)'; predicted is less specific than GT (subset -- incomplete).,
PMC7367873,Separation,"trapping cartridge (Precolumn C18 PepMap 100, 5 µm, 300 µm i.d. size-exclusion chromatography 5 mm, 100 Å)",reversed-phase C-18,True,0.54,SEMANTIC,False,False,False,False,True,True,False,False,,True,True,False,"GEval=0.90. The annotation type is Separation and the extracted value describes the LC stationary phase/column chemistry (a C18 PepMap 100 trapping cartridge), which fits the Separation definition in context[1] (stationary phase/column chemistry rather than just an instrument name), so there is no type mismatch. The phrase appears verbatim in context[0] within the LC-MS/MS methods section (“equipped with a trapping cartridge (Precolumn C18 PepMap 100, …)”), so it is not hallucinated. Semantically, a C18 trapping cartridge corresponds to reversed-phase C18 chromatography and is therefore equivalent to the expected ground-truth value “reversed-phase C-18”, though the extracted string is noisier and includes extra cartridge specifications and an odd “size-exclusion chromatography” fragment, which slightly reduces clarity but not the core match.",
PMC7367873,Separation,"analytical column (Waters nanoEase HSS C18 T3, 75 µm × 25 cm, 1.8 µm, 100 Å)",reversed-phase C-18,True,0.0,NO_MATCH,False,False,False,False,False,False,True,False,,False,False,True,"GEval=0.00. No response text was provided to evaluate. Because there is no stated assessment, it is impossible to verify required checks such as whether the extracted Separation value appears in context[0] (it does: an analytical column described as Waters nanoEase HSS C18 T3), whether it is semantically equivalent to the expected ground truth Separation value (“reversed-phase C-18”), or whether any type-mismatch logic was applied per the type definitions in context[1]/context[2]. With no evaluative content to assess, alignment with the evaluation steps cannot be demonstrated.",
PMC7367873,Separation,"trap column (75 µm × 2 cm, packed in-house with 5 µm C18 resin; Reprosil PUR AQ, Dr. Maisch, Ammerbruch-Entringen, Germany)",reversed-phase C-18,True,0.54,SEMANTIC,False,False,False,False,True,True,False,False,,True,True,False,"GEval=0.90. The annotation type is correctly ""Separation"" and the extracted value describes an on-line LC stationary phase/column chemistry (a trap column packed with 5 µm C18 resin, Reprosil PUR AQ), which fits the provided Separation definition. The extracted phrase is explicitly present in the context (in the LC-MS/MS acquisition section), so it is not a hallucination. Semantically it matches the expected ground truth ""reversed-phase C-18"" because C18 resin is a standard reversed-phase (RP) C18 separation medium; the additional details (trap column dimensions, in-house packing, vendor) do not change the separation type. The extraction is sufficiently complete for the separation criterion even though it specifies a trap column rather than stating ""reversed-phase"" verbatim.",
PMC7367873,Temperature,37 °C,,False,0.0,NO_MATCH,False,False,False,False,False,False,True,False,,False,False,True,"GEval=0.00. No response was provided to evaluate against the test case and the source context. Without an evaluator-facing assessment text, it is impossible to check the required items (type match for Temperature, whether “37 °C” appears in context[0], hallucination status, or completeness/semantic equivalence), so the evaluation steps cannot be applied.",
PMC7367873,Time,10–15 min,,False,0.0,NO_MATCH,False,False,False,False,False,False,True,False,,False,False,True,"GEval=0.00. No response content was provided to evaluate. Because there is no stated judgment or rationale, the required checks cannot be verified: type validity for the annotation type Time, whether the extracted value “10–15 min” appears in context[0] (it does, in the Calyculin A incubation sentence), and whether hallucination/type-mismatch/completeness were assessed. With no evaluative paragraph addressing these steps, the output does not align with the evaluation procedure.",
PMC7367873,Time,12 min,,False,0.0,NO_MATCH,False,False,False,False,False,False,True,False,,False,False,True,"GEval=0.00. No model response was provided to evaluate against the steps. Without an actual justification text, I cannot verify whether it checked the annotation type (Time), confirmed the value “12 min” is present in context (e.g., cells incubated with Calyculin A for 12 min), avoided hallucination, or addressed expected-output handling (“NO GROUND TRUTH”).",
PMC7367873,Treatment,PP1 treated,PP1c; PP2Ac; untreated,True,0.54,SEMANTIC,False,False,False,False,True,True,False,False,,True,True,False,"GEval=0.90. The annotation type is Treatment and it matches the expected field (no type mismatch). The extracted value “PP1 treated” is explicitly present in the provided context (in the TMT-6plex condition mapping: “127—PP1 treated”), so it is not a hallucination. Semantically, “PP1 treated” corresponds to the ground-truth treatment “PP1c” (treatment with recombinant PP1 catalytic subunit), and the expected outputs allow matching any one of {PP1c, PP2Ac, untreated}, so this is a strong match despite the slight wording difference. The entry is also sufficiently complete for a Treatment label given the ground truth focuses on treatment identity rather than duration/dose.",
PMC7367873,Treatment,PP2A treated,PP1c; PP2Ac; untreated,True,0.54,SEMANTIC,False,False,False,False,True,True,False,False,,True,True,False,"GEval=0.90. The annotation type matches the expected type (Treatment), so there is no type mismatch. The extracted value “PP2A treated” is explicitly supported by the provided context (e.g., the TMT condition listing includes “128—PP2A treated”), so it is not a hallucination. Semantically, “PP2A treated” corresponds to the expected ground-truth treatment “PP2Ac” (same phosphatase treatment condition, with the expected output using the catalytic subunit shorthand), so it aligns well with the intended label. Completeness is sufficient because the task only requires matching any one of the listed ground-truth treatments, and this extracted value matches that condition.",
PMC7367873,CellType,MISSING,epithelial,True,0.0,NO_MATCH,False,False,False,False,False,False,True,False,,False,False,False,Not extracted -- present in source text or ground truth.,epithelial
PMC7921882,AcquisitionMethod,top 12 method,top 12 method,True,1.0,EXACT,True,False,False,False,False,True,False,False,,True,True,False,Tier 1 -- exact match with GT 'top 12 method'.,
PMC7921882,AlkylationReagent,iodoacetamide,iodoacetamide,True,1.0,EXACT,True,False,False,False,False,True,False,False,,True,True,False,Tier 1 -- exact match with GT 'iodoacetamide'.,
PMC7921882,CleavageAgent,MS-grade trypsin,trypsin,True,0.7,HIERARCHICAL,False,False,False,True,False,True,False,False,,True,True,False,Tier 4 -- hierarchical match with GT 'trypsin'; predicted is more detailed than GT (superset -- complete).,
PMC7921882,CollisionEnergy,normalized fragmentation energy at 27%,27%,True,0.6,SEMANTIC,False,False,False,False,True,True,False,False,,True,True,False,"GEval=1.00. The annotation type CollisionEnergy matches the provided type definition (collision energy in MS/MS, including normalized percent formats). The extracted value “normalized fragmentation energy at 27%” is explicitly present in the context (“...a normalized fragmentation energy at 27%”), so it is not a hallucination. Semantically it matches the expected ground-truth value “27%” because it expresses the same collision/fragmentation energy setting with the same percent value, just with additional descriptive wording. The extraction is sufficiently complete and does not omit the key parameter (27%).",
PMC7921882,Disease,house dust mite allergic individuals,,False,0.42,SEMANTIC,False,False,False,False,True,True,False,False,,True,False,False,"GEval=0.70. The extracted value is not hallucinated because the phrase appears verbatim in the source text (“serum pools of house dust mite allergic individuals”). The annotation type is Disease, and while the wording refers to a cohort (“individuals”) rather than naming a diagnosis directly, it still clearly encodes a disease/condition status (house dust mite allergy) consistent with the Disease definition in context[1]/context[2]. Since there is no ground truth provided, evaluation is against the source only; semantically this corresponds to dust mite allergy, though it is slightly less clean than extracting the condition name alone (e.g., “house dust mite allergy”), so the match is good but not perfect.",
PMC7921882,EnrichmentMethod,peptides were enriched and desalted using 100 μl Pierce C18 Tips (Thermo Fisher Scientific),,False,0.6,SEMANTIC,False,False,False,False,True,True,False,False,,True,True,False,"GEval=1.00. The extracted value matches the annotation type EnrichmentMethod, since it describes a peptide enrichment/cleanup step prior to MS (“peptides were enriched and desalted using 100 μl Pierce C18 Tips”). There is no type mismatch: this is a protocol step rather than a compound, instrument, or separation setting. The value is not hallucinated because the same wording appears verbatim in the provided source text in the Sample preparation section (“After centrifugation, peptides were enriched and desalted using 100 μl Pierce C18 Tips (Thermo Fisher Scientific)”). With no ground-truth list to match against, the extraction is semantically consistent with the source and is sufficiently complete/faithful for the enrichment method description.",
PMC7921882,FlowRateChromatogram,300 nl/min,300 nl/min,True,1.0,EXACT,True,False,False,False,False,True,False,False,,True,True,False,Tier 1 -- exact match with GT '300 nl/min'.,
PMC7921882,GradientTime,5–45% B in 120 min,120 min,True,0.7,HIERARCHICAL,False,False,False,True,False,True,False,False,,True,True,False,Tier 4 -- hierarchical match with GT '120 min'; predicted is more detailed than GT (superset -- complete).,
PMC7921882,Instrument,Q Exactive Orbitrap mass spectrometer (Thermo Fisher Scientific),Q Exactive Orbitrap mass spectrometer,True,0.7,HIERARCHICAL,False,False,False,True,False,True,False,False,,True,True,False,Tier 4 -- hierarchical match with GT 'Q Exactive Orbitrap mass spectrometer'; predicted is more detailed than GT (superset -- complete).,
PMC7921882,IonizationType,nano electrospray,nano electrospray,True,1.0,EXACT,True,False,False,False,False,True,False,False,,True,True,False,Tier 1 -- exact match with GT 'nano electrospray'.,
PMC7921882,Modification,carbamidomethylation (C),carbamidomethylation (C); deamidation (NQ); oxidation (M),True,1.0,EXACT,True,False,False,False,False,True,False,False,,True,True,False,Tier 1 -- exact match with GT 'carbamidomethylation (C)'.,
PMC7921882,Modification,deamidation (NQ),carbamidomethylation (C); deamidation (NQ); oxidation (M),True,1.0,EXACT,True,False,False,False,False,True,False,False,,True,True,False,Tier 1 -- exact match with GT 'deamidation (NQ)'.,
PMC7921882,Modification,oxidation (M),carbamidomethylation (C); deamidation (NQ); oxidation (M),True,1.0,EXACT,True,False,False,False,False,True,False,False,,True,True,False,Tier 1 -- exact match with GT 'oxidation (M)'.,
PMC7921882,NumberOfSamples,16,,False,0.0,NO_MATCH,False,False,False,False,False,False,True,False,,False,False,True,"GEval=0.00. No model response was provided to evaluate. As a result, none of the required checks can be performed (verifying the annotation type NumberOfSamples against the type definitions, confirming the extracted value ""16"" appears in context[0] as the total sample count, checking for hallucination, or assessing semantic equivalence/completeness).",
PMC7921882,NumberOfTechnicalReplicates,4 to 6 independent experiments for each sample,4 to 6 independent experiments for each sample,True,1.0,EXACT,True,False,False,False,False,True,False,False,,True,True,False,Tier 1 -- exact match with GT '4 to 6 independent experiments for each sample'.,
PMC7921882,Organism,Dermatophagoides pteronyssinus,Blomia tropicalis; Dermatophagoides farinae; Dermatophagoides pteronyssinus; Euroglyphus maynei,True,1.0,EXACT,True,False,False,False,False,True,False,False,,True,True,False,Tier 1 -- exact match with GT 'Dermatophagoides pteronyssinus'.,
PMC7921882,Organism,Dermatophagoides farinae,Blomia tropicalis; Dermatophagoides farinae; Dermatophagoides pteronyssinus; Euroglyphus maynei,True,1.0,EXACT,True,False,False,False,False,True,False,False,,True,True,False,Tier 1 -- exact match with GT 'Dermatophagoides farinae'.,
PMC7921882,Organism,Blomia tropicalis,Blomia tropicalis; Dermatophagoides farinae; Dermatophagoides pteronyssinus; Euroglyphus maynei,True,1.0,EXACT,True,False,False,False,False,True,False,False,,True,True,False,Tier 1 -- exact match with GT 'Blomia tropicalis'.,
PMC7921882,Organism,Suidasia medanensis,Blomia tropicalis; Dermatophagoides farinae; Dermatophagoides pteronyssinus; Euroglyphus maynei,True,0.0,NO_MATCH,False,False,False,False,False,False,True,False,,False,False,False,"GEval=0.20. The annotation type is Organism and the extracted value “Suidasia medanensis” is a valid species name, so there is no type mismatch. The value is explicitly present in context[0] (storage mite “Suidasia medanensis”), so it is not a hallucination. However, it does not semantically match any of the allowed ground-truth Organism values (Blomia tropicalis, Dermatophagoides farinae, Dermatophagoides pteronyssinus, Euroglyphus maynei); it is a different mite species rather than an unambiguous synonym of any expected option. Completeness is not the issue here—the extracted organism is specific—but it is the wrong target relative to the expected set.",
PMC7921882,Organism,Cicer arietinum,Blomia tropicalis; Dermatophagoides farinae; Dermatophagoides pteronyssinus; Euroglyphus maynei,True,0.0,NO_MATCH,False,False,False,False,False,False,True,False,,False,False,False,"GEval=0.20. The annotation type is Organism and the extracted value “Cicer arietinum” is a valid species name, so there is no type mismatch (it matches the Organism definition in the provided type context). The value is explicitly present in context[0] (“allergens from the legume Cicer arietinum”), so it is not a hallucination. However, it does not semantically match any of the expected Organism ground-truth values (Blomia tropicalis, Dermatophagoides farinae, Dermatophagoides pteronyssinus, Euroglyphus maynei), so the extraction is incorrect with respect to the target label. Completeness is acceptable in form (a single organism name), but it fails the required match to the expected set.",
PMC7921882,Organism,baker's yeast,Blomia tropicalis; Dermatophagoides farinae; Dermatophagoides pteronyssinus; Euroglyphus maynei,True,0.0,NO_MATCH,False,False,False,False,False,False,True,False,,False,False,False,"GEval=0.20. The annotation type Organism is appropriate for the extracted value “baker's yeast” (a source species), so there is no type mismatch. The value is explicitly present in the provided abstract (“proteins from baker's yeast”), so it is not a hallucination. However, it does not semantically match any of the expected Organism ground-truth values (Blomia tropicalis; Dermatophagoides farinae; Dermatophagoides pteronyssinus; Euroglyphus maynei), which are house-dust/storage mite species, not yeast. As a result, despite being a real organism mentioned in the text, it fails the required equivalence to the expected outputs and is incomplete/incorrect relative to the target organism set.",
PMC7921882,PooledSample,pooled,,False,0.36,SEMANTIC,False,False,False,False,True,True,False,False,,True,False,False,"GEval=0.60. The annotation type matches the provided schema (PooledSample: whether multiple samples were pooled), so there is no type mismatch. The source text does not contain the exact extracted token ""pooled"", but it does clearly mention pooling via ""serum pools of house dust mite allergic individuals"" in the Immunoblots section, which is an unambiguous synonym/indicator that samples were pooled, so this is not a hallucination. Semantically, the extraction captures the presence of pooling, but it is incomplete/too generic compared to the more specific phrasing in the paper (it should ideally reflect ""serum pools"" or similar context rather than just ""pooled""). Overall it aligns with the document but lacks specificity.",
PMC7921882,ReductionReagent,dithiothreitol (DTT),dithiothreitol (DTT),True,1.0,EXACT,True,False,False,False,False,True,False,False,,True,True,False,Tier 1 -- exact match with GT 'dithiothreitol (DTT)'.,
PMC7921882,Separation,"reverse-phase nano-HPLC (Dionex Ultimate 3000, Thermo Fisher Scientific, Bremen, Germany), directly coupled via nano electrospray to a Q Exactive Orbitrap mass spectrometer (Thermo Fisher Scientific)",reverse-phase RSLC C-18 nano-HPLC,True,0.65,HIERARCHICAL,False,False,False,True,False,True,False,False,,True,True,False,Tier 4 -- hierarchical match with GT 'reverse-phase RSLC C-18 nano-HPLC'; predicted is more detailed than GT (superset -- complete).,
PMC7921882,Separation,"The column (Acclaim PepMap RSLC C18, 75 μm × 15 cm, Dionex, Thermo Fisher Scientific) was developed with an acetonitrile gradient",reverse-phase RSLC C-18 nano-HPLC,True,0.6,SEMANTIC,False,False,False,False,True,True,False,False,,True,True,False,"GEval=1.00. The annotation type (Separation) matches the definition because the extracted value specifies the chromatographic stationary phase/chemistry and approach via an “Acclaim PepMap RSLC C18” column (i.e., C18 reverse-phase RSLC nano-LC), not merely an instrument name. The extracted text is directly present in context[0] (Mass spectrometry section describing the column and acetonitrile gradient), so it is not a hallucination. Semantically, it aligns with the expected ground truth “reverse-phase RSLC C-18 nano-HPLC” since it explicitly identifies an RSLC C18 column used for nano-HPLC separation, which is an unambiguous match. The mention of the acetonitrile gradient is extra but does not reduce correctness, and the core separation description is sufficiently complete under the lenient criteria.",
PMC8698288,AcquisitionMethod,data-dependent (dd) positive acquisition mode,data-dependent (dd) positive acquisition mode,True,1.0,EXACT,True,False,False,False,False,True,False,False,,True,True,False,Tier 1 -- exact match with GT 'data-dependent (dd) positive acquisition mode'.,
PMC8698288,Bait,FLAG-BirA*-MOB1,,False,0.0,NO_MATCH,False,False,False,False,False,False,True,False,,False,False,True,"GEval=0.00. No model response was provided to evaluate against the steps. As a result, none of the required checks (type validity for Bait, verifying the extracted value exists in context[0] such as “FLAG-BirA*-MOB1”, hallucination screening, or completeness) were performed, so alignment with the evaluation procedure cannot be assessed.",
PMC8698288,CellLine,"HFF-1 (SCRC-1041; ATCC, Manassas, VA, USA)",,False,0.0,NO_MATCH,False,False,False,False,False,False,True,True,,True,True,False,"GEval=1.00. The annotation type CellLine matches the schema definition in context[1]/[2] (an immortalized cell line name), and the extracted value is not a type mismatch (so no 'Correct type: X' is needed). The value “HFF-1 (SCRC-1041; ATCC, Manassas, VA, USA)” is explicitly present in context[0] in the methods section describing host cells, so it is not a hallucination. With no ground-truth list provided, the extraction is semantically correct against the source text: it identifies the HFF-1 cell line, and the bundled supplier/catalog details remain unambiguous and do not change the meaning. The extraction is also complete in a lenient sense because it captures the specific cell line designation used (HFF-1) along with identifying metadata.",
PMC8698288,CleavageAgent,Trypsin/LysC,Trypsin/LysC,True,1.0,EXACT,True,False,False,False,False,True,False,False,,True,True,False,Tier 1 -- exact match with GT 'Trypsin/LysC'.,
PMC8698288,CollisionEnergy,normalized collision energy of 27%,27%,True,0.6,SEMANTIC,False,False,False,False,True,True,False,False,,True,True,False,"GEval=1.00. The annotation type is CollisionEnergy, which matches the type definition in context[1]/context[2] (collision energy values like normalized CE percentages are valid), so there is no type mismatch. The extracted value “normalized collision energy of 27%” is explicitly present in context[0] in the MS acquisition description (“normalized collision energy of 27%”), so it is not a hallucination. Semantically it matches the expected ground-truth value for CollisionEnergy (27%) because the additional wording just specifies the same collision energy setting. The extraction is complete enough (it includes the numeric value and unit/format as a percent) and aligns with the intended field.",
PMC8698288,Compound,biotin 150 µM,,False,0.6,SEMANTIC,False,False,False,False,True,True,False,False,,True,True,False,"GEval=1.00. The extracted value ""biotin 150 µM"" is explicitly supported by the source text in Methods 2.9, which states that biotin was added to a final concentration of 150 µM. The annotation type is Compound, and per the bundled compound+concentration rule and the provided Compound definition, including the concentration alongside the chemical name is valid and should not be treated as a type mismatch or as ConcentrationOfCompound. There is no hallucination because both the compound name and its concentration appear unambiguously in context[0]. With no ground-truth list to match against, the extraction is semantically accurate and sufficiently complete for the stated pipeline behavior.",
PMC8698288,EnrichmentMethod,The BioID method employs proximity-dependent biotin labeling,agarose-streptavidin bead affinity purification,True,0.0,NO_MATCH,False,False,False,False,False,False,True,False,,False,False,False,"GEval=0.20. Type is appropriate (EnrichmentMethod) and the extracted phrase is present verbatim in the context (Methods 2.9), so it is not a hallucination. However, it is not semantically equivalent to the expected enrichment method: the ground truth is the actual affinity enrichment step used before MS, namely incubation with agarose-streptavidin beads (streptavidin bead affinity purification), whereas the extraction describes BioID proximity-dependent biotin labeling (a labeling/interaction-discovery approach rather than the bead-based enrichment). The answer is thus incomplete/misaligned with the specific enrichment protocol required.",
PMC8698288,EnrichmentMethod,incubated with agarose-streptavidin beads overnight at 18 °C,agarose-streptavidin bead affinity purification,True,0.65,HIERARCHICAL,False,False,False,True,False,True,False,False,,True,True,False,Tier 4 -- hierarchical match with GT 'agarose-streptavidin bead affinity purification'; predicted is more detailed than GT (superset -- complete).,
PMC8698288,FlowRateChromatogram,250 nl/min,250 nl/min,True,1.0,EXACT,True,False,False,False,False,True,False,False,,True,True,False,Tier 1 -- exact match with GT '250 nl/min'.,
PMC8698288,FragmentMassTolerance,0.02 Da,0.02 Da,True,1.0,EXACT,True,False,False,False,False,True,False,False,,True,True,False,Tier 1 -- exact match with GT '0.02 Da'.,
PMC8698288,FragmentationMethod,HCD MS/MS,HCD,True,0.7,HIERARCHICAL,False,False,False,True,False,True,False,False,,True,True,False,Tier 4 -- hierarchical match with GT 'HCD'; predicted is more detailed than GT (superset -- complete).,
PMC8698288,GradientTime,"5 min (2.5% B to 10% B), 120 min (10% B to 30% B), 20 min (30% B to 50% B), 5 min (50% B to 99% B) and 10 min (hold 99% B)",5 min; 120 min; 20 min; 5 min; 10 min,True,0.7,HIERARCHICAL,False,False,False,True,False,True,False,False,,True,True,False,Tier 4 -- hierarchical match with GT '5 min'; predicted is more detailed than GT (superset -- complete).,
PMC8698288,Instrument,Q-Exactive Hybrid Quadrupole-Orbitrap mass spectrometer,Q-Exactive Hybrid Quadrupole-Orbitrap mass spectrometer,True,1.0,EXACT,True,False,False,False,False,True,False,False,,True,True,False,Tier 1 -- exact match with GT 'Q-Exactive Hybrid Quadrupole-Orbitrap mass spectrometer'.,
PMC8698288,IonizationType,ESI,electrospray ionization (ESI),True,0.7,HIERARCHICAL,False,False,False,True,False,True,False,False,,True,False,False,Tier 4 -- hierarchical match with GT 'electrospray ionization (ESI)'; predicted is less specific than GT (subset -- incomplete).,
PMC8698288,Label,label-free quantitation,label-free,True,0.7,HIERARCHICAL,False,False,False,True,False,True,False,False,,True,True,False,Tier 4 -- hierarchical match with GT 'label-free'; predicted is more detailed than GT (superset -- complete).,
PMC8698288,MaterialType,cells,cells,True,1.0,EXACT,True,False,False,False,False,True,False,False,,True,True,False,Tier 1 -- exact match with GT 'cells'.,
PMC8698288,Modification,Cysteine carbamidomethylation,cysteine carbamidomethylation; methionine oxidation; protein N-terminus acetylation,True,0.9,NORMALIZED,False,True,False,False,False,True,False,False,,True,True,False,Tier 2 -- normalized match with GT 'cysteine carbamidomethylation'.,
PMC8698288,Modification,Methionine oxidation,cysteine carbamidomethylation; methionine oxidation; protein N-terminus acetylation,True,0.9,NORMALIZED,False,True,False,False,False,True,False,False,,True,True,False,Tier 2 -- normalized match with GT 'methionine oxidation'.,
PMC8698288,Modification,protein N-terminus acetylation,cysteine carbamidomethylation; methionine oxidation; protein N-terminus acetylation,True,1.0,EXACT,True,False,False,False,False,True,False,False,,True,True,False,Tier 1 -- exact match with GT 'protein N-terminus acetylation'.,
PMC8698288,NumberOfBiologicalReplicates,3,three biological replicates for each strain,True,0.6,SEMANTIC,False,False,False,False,True,True,False,False,,True,True,False,"GEval=1.00. The annotation type matches the schema: a total count is required for NumberOfBiologicalReplicates, and the extracted value is the numeric count ""3"" (not a replicate identifier). The value is explicitly supported by the provided context, which states that the raw data were obtained from ""three biological replicates for each strain"" and also notes ""Three independent experiments were performed per assay."" Semantically, ""3"" is equivalent to the expected ground truth phrasing ""three biological replicates for each strain."" The extraction is complete for this field because only the total replicate count is needed.",
PMC8698288,NumberOfMissedCleavages,2,2,True,1.0,EXACT,True,False,False,False,False,True,False,False,,True,True,False,Tier 1 -- exact match with GT '2'.,
PMC8698288,Organism,Toxoplasma gondii,Toxoplasma gondii,True,1.0,EXACT,True,False,False,False,False,True,False,False,,True,True,False,Tier 1 -- exact match with GT 'Toxoplasma gondii'.,
PMC8698288,OrganismPart,tachyzoites,tachyzoites,True,1.0,EXACT,True,False,False,False,False,True,False,False,,True,True,False,Tier 1 -- exact match with GT 'tachyzoites'.,
PMC8698288,PrecursorMassTolerance,10 ppm,10 ppm,True,1.0,EXACT,True,False,False,False,False,True,False,False,,True,True,False,Tier 1 -- exact match with GT '10 ppm'.,
PMC8698288,Separation,"a trapping cartridge (Acclaim PepMap C18 100 Å, 5 mm × 300 µm i.d., 160454; Thermo Fisher Scientific, Inc., Waltham, MA, USA)",reversed-phase C18,True,0.54,SEMANTIC,False,False,False,False,True,True,False,False,,True,True,False,"GEval=0.90. The annotation type matches the task: the extracted value describes LC stationary phase/column chemistry (Acclaim PepMap C18 trapping cartridge), which fits the Separation definition requiring column chemistry rather than instrument names. The extracted phrase is explicitly present in context[0] (Proteomics section: “Samples were loaded onto a trapping cartridge (Acclaim PepMap C18 100 Å...)”), so it is not a hallucination. Semantically, specifying a C18 cartridge corresponds to the expected Separation value “reversed-phase C18” (C18 indicates RP chromatography), even though the extracted text is a specific component (trap) rather than the generic method name. This is sufficiently complete under the lenient criterion because it clearly conveys the C18 reversed-phase chemistry.",
PMC8698288,Separation,"a 50 cm by 75 μm inner diameter EASY-Spray column (ES803, PepMap RSLC, C18, 2 μm; Thermo Fisher Scientific, Inc., Waltham, MA, USA)",reversed-phase C18,True,0.54,SEMANTIC,False,False,False,False,True,True,False,False,,True,True,False,"GEval=0.90. The annotation type is Separation and the extracted value is a detailed LC column description that includes the stationary phase/chemistry (“PepMap RSLC, C18”), which fits the Separation definition in context (stationary phase/column chemistry, not merely an instrument name), so there is no type mismatch. The extracted value is explicitly present in context[0] in the proteomics methods section describing the EASY-Spray C18 column, so it is not a hallucination. Semantically, a C18 LC column corresponds to the expected separation approach “reversed-phase C18”; while the phrase “reversed-phase” is not stated verbatim, the C18 column chemistry provides an unambiguous match to the ground-truth separation. The output is complete though more specific than necessary, but still aligns with the expected value.",
PMC8698288,Strain,FLAG-BirA*,FLAG-BirA*; FLAG-BirA*-MOB1,True,1.0,EXACT,True,False,False,False,False,True,False,False,,True,True,False,Tier 1 -- exact match with GT 'FLAG-BirA*'.,
PMC8698288,Strain,FLAG-BirA*-MOB1,FLAG-BirA*; FLAG-BirA*-MOB1,True,1.0,EXACT,True,False,False,False,False,True,False,False,,True,True,False,Tier 1 -- exact match with GT 'FLAG-BirA*-MOB1'.,
